sex,gpa,physics,math,art,analytic,construct,electric,mechanic,specialty
0,95,75,78,0,1,1,1,0,A
0,96,76,80,0,1,1,1,0,A
0,91,71,80,1,1,1,0,0,C
1,91,71,86,1,1,1,0,0,C
0,84,64,73,0,1,0,0,0,D
0,88,68,80,0,1,0,0,0,D
0,86,66,76,0,0,1,0,1,E
0,92,72,72,0,1,0,1,0,F
0,93,73,74,0,1,0,1,0,F
1,92.9,73,81,1,1,1,0,0,C
1,95.9,76,93,1,1,1,0,0,C
1,82.9,63,70,0,0,1,0,1,E
0,90.9,71,88,0,1,0,1,0,F
0,90.8,71,72,0,1,1,1,0,A
0,90.8,71,87,0,0,1,1,1,B
0,84.8,65,87,1,1,1,0,0,C
0,86.8,67,76,0,1,0,0,0,D
1,87.8,68,75,0,1,0,1,0,F
0,91.8,72,81,0,1,0,1,0,F
0,95.8,76,84,1,1,1,0,0,G
0,97.8,78,81,1,1,1,0,0,G
1,93.7,74,87,0,1,1,1,0,A
1,94.7,75,85,0,1,1,1,0,A
0,94.7,75,98,0,1,1,1,0,A
1,79.7,60,60,0,1,0,0,0,D
1,82.7,63,83,0,1,0,0,0,D
1,93.7,74,78,0,1,0,0,0,D
1,84.7,65,72,0,1,0,1,0,F
0,87.6,68,76,0,1,1,1,0,A
0,89.6,70,83,0,1,1,1,0,A
0,92.6,73,82,0,0,1,1,1,B
0,89.6,70,84,0,1,0,0,0,C
0,92.6,73,78,1,1,1,0,0,C
0,80.6,61,65,0,1,0,0,0,D
1,91.6,72,80,0,0,1,0,1,E
1,93.5,74,80,0,1,1,1,0,A
1,93.5,74,78,0,0,1,1,1,B
1,94.5,75,88,1,1,1,0,0,C
1,87.5,68,75,0,1,0,0,0,D
1,94.5,75,81,0,0,1,0,1,E
1,89.5,70,70,0,1,0,1,0,F
0,97.5,78,88,0,1,0,1,0,F
0,89.5,70,82,1,1,1,0,0,G
0,94.5,75,90,1,1,1,0,0,G
1,89.4,70,88,0,1,1,1,0,A
0,96.4,77,82,0,1,1,1,0,A
1,79.4,60,64,0,1,0,0,0,D
1,90.4,71,82,0,0,1,0,1,E
1,89.4,70,74,0,1,0,1,0,F
1,90.4,71,86,1,1,1,0,0,G
0,93.4,74,80,1,1,1,0,0,G
0,94.4,75,85,1,1,1,0,0,G
1,94.3,75,77,0,1,1,1,0,A
0,96.3,77,81,0,1,1,1,0,A
0,89.3,70,80,0,0,1,1,1,B
1,92.3,73,75,0,0,1,1,1,B
0,92.3,73,76,0,0,1,1,1,B
0,94.3,75,91,0,0,1,1,1,B
0,86.3,67,78,0,1,0,0,0,D
0,93.2,74,82,0,1,1,1,0,A
1,94.2,75,80,0,1,1,1,0,A
1,91.2,72,76,0,0,1,1,1,B
0,90.2,71,76,0,1,0,0,0,C
1,94.2,75,82,1,1,1,0,0,C
1,91.2,72,84,0,1,0,0,0,D
1,93.2,74,87,0,1,0,0,0,D
1,91.2,72,80,0,0,1,0,1,E
1,96.2,77,82,1,1,1,0,0,G
1,95.1,76,80,0,1,1,1,0,A
0,91.1,72,80,1,1,1,0,0,C
0,93.1,74,85,0,1,0,0,0,D
0,95.1,76,90,0,1,0,0,0,D
1,87.1,68,80,0,0,1,0,1,E
1,91.1,72,76,0,0,1,0,1,E
1,89,70,77,0,1,1,1,0,A
0,93,74,73,0,1,1,1,0,A
1,93,74,83,1,1,1,0,0,C
1,89,70,82,0,1,0,0,0,D
1,89,70,82,0,1,0,0,0,D
1,95,76,90,0,1,0,1,0,F
0,99,80,90,1,1,1,0,0,G
0,93.9,75,88,0,1,1,1,0,A
1,91.9,73,81,1,1,1,0,0,C
0,94.9,76,76,1,1,1,0,0,C
1,78.9,60,70,0,1,0,0,0,D
1,95.9,77,87,0,0,1,0,1,E
0,94.9,76,80,1,1,1,0,0,G
1,90.8,72,75,0,1,1,1,0,A
1,96.8,78,84,1,1,1,0,0,C
1,68.8,50,50,0,1,0,0,0,D
1,84.8,66,76,0,0,1,0,1,E
1,92.8,74,80,0,0,1,0,1,E
0,94.8,76,81,0,0,1,0,1,E
1,83.8,65,70,0,1,0,1,0,F
1,90.8,72,85,0,1,0,1,0,F
1,89.8,71,86,1,1,1,0,0,G
0,92.8,74,81,1,1,1,0,0,G
0,92.8,74,86,1,1,1,0,0,G
0,94.8,76,76,1,1,1,0,0,G
0,95.8,77,86,1,1,1,0,0,G
0,98.7,80,86,1,1,1,0,0,G
1,88.6,70,86,0,1,1,1,0,A
1,90.6,72,80,0,1,1,1,0,A
1,92.6,74,84,0,1,1,1,0,A
1,85.6,67,83,1,1,1,0,0,C
1,90.6,72,88,1,1,1,0,0,C
1,94.6,76,85,1,1,1,0,0,G
1,93.5,75,82,1,1,1,0,0,C
1,68.5,50,60,0,1,0,0,0,D
0,96.5,78,80,1,1,1,0,0,G
1,84.4,66,67,0,1,1,1,0,A
1,93.4,75,82,0,0,1,1,1,B
1,95.4,77,83,0,0,1,1,1,B
1,93.4,75,83,1,1,1,0,0,C
1,93.4,75,74,1,1,1,0,0,C
0,93.4,75,87,1,1,1,0,0,C
0,94.4,76,82,1,1,1,0,0,C
0,95.4,77,85,1,1,1,0,0,C
0,90.4,72,77,0,0,1,0,1,E
1,90.4,72,74,0,0,1,0,1,E
1,94.4,76,80,0,1,0,1,0,F
1,91.4,73,98,1,1,1,0,0,G
1,88.3,70,86,0,1,1,1,0,A
0,91.3,73,81,0,1,1,1,0,A
1,92.3,74,82,1,1,1,0,0,C
1,92.3,74,77,1,1,1,0,0,C
1,83.3,65,90,0,1,0,1,0,F
0,91.3,73,80,1,1,1,0,0,G
0,95.2,77,85,0,1,1,1,0,A
1,91.2,73,86,1,1,1,0,0,C
0,93.2,75,88,1,1,1,0,0,C
0,98.2,80,82,1,1,1,0,0,C
1,90.2,72,78,0,0,1,0,1,E
0,94.2,76,88,0,0,1,0,1,E
1,83.2,65,99,0,1,0,1,0,F
0,86.2,68,87,1,1,1,0,0,G
1,92.2,74,80,1,1,1,0,0,G
0,96.2,78,90,1,1,1,0,0,G
0,98.2,80,85,1,1,1,0,0,G
1,92.1,74,93,1,1,1,0,0,C
0,93.1,75,80,1,1,1,0,0,C
1,93.1,75,81,1,1,1,0,0,C
1,94.1,76,76,1,1,1,0,0,C
0,94.1,76,87,1,1,1,0,0,C
0,86.1,68,74,0,1,0,0,0,D
1,82.1,64,86,0,0,1,0,1,E
0,92.1,74,87,0,1,0,1,0,F
0,98.1,80,83,1,1,1,0,0,G
0,98.1,80,80,1,1,1,0,0,G
0,93,75,78,0,1,1,1,0,A
1,98,80,80,0,1,1,1,0,A
1,88,70,71,0,0,1,1,1,B
1,91,73,78,1,1,1,0,0,C
1,93,75,75,0,0,1,0,1,E
1,85,67,76,0,1,0,1,0,F
0,84.9,67,80,0,1,1,1,0,A
1,93.9,76,95,1,1,1,0,0,C
1,92.9,75,90,0,1,0,1,0,F
0,94.8,77,93,0,1,1,1,0,A
1,97.8,80,86,0,0,1,1,1,B
1,92.8,75,99,1,1,1,0,0,C
1,94.8,77,90,1,1,1,0,0,C
0,87.8,70,76,0,1,0,0,0,D
0,91.8,74,76,0,0,1,0,1,E
0,87.8,70,83,1,1,1,0,0,G
0,97.8,80,88,1,1,1,0,0,G
1,93.7,76,82,0,0,1,1,1,B
0,98.7,81,85,1,1,1,0,0,C
1,87.7,70,74,0,1,0,0,0,D
1,94.7,77,80,0,0,1,0,1,E
0,93.7,76,80,1,1,1,0,0,G
1,93.6,76,80,0,1,1,1,0,A
0,94.6,77,76,0,1,1,1,0,A
0,95.6,78,85,0,1,1,1,0,A
1,93.6,76,74,0,0,1,1,1,B
1,93.6,76,88,1,1,1,0,0,C
1,77.6,60,64,0,1,0,0,0,D
0,94.6,77,83,0,1,0,1,0,F
1,95.6,78,76,1,1,1,0,0,G
1,93.5,76,84,0,1,1,1,0,A
0,94.4,77,82,0,1,1,1,0,A
0,78.4,61,68,0,1,0,0,0,D
0,90.4,73,77,1,1,1,0,0,G
1,92.3,75,82,1,1,1,0,0,C
0,92.3,75,86,1,1,1,0,0,C
1,93.3,76,80,1,1,1,0,0,C
1,94.3,77,80,1,1,1,0,0,C
1,87.3,70,77,0,0,1,0,1,E
0,95.3,78,81,0,0,1,0,1,E
1,95.3,78,76,0,0,1,0,1,E
0,92.3,75,78,1,1,1,0,0,G
0,98.3,81,90,1,1,1,0,0,G
0,89.2,72,81,0,1,1,1,0,A
1,94.2,77,77,1,1,1,0,0,C
0,88.2,71,74,0,1,0,0,0,D
0,95.2,78,81,0,1,0,1,0,F
0,84.1,67,68,0,1,1,1,0,A
0,97.1,80,90,0,1,1,1,0,A
1,87.1,70,71,1,1,1,0,0,C
1,95.1,78,91,1,1,1,0,0,C
0,97.1,80,95,1,1,1,0,0,C
1,77.1,60,60,0,1,0,0,0,D
0,83.1,66,70,0,1,0,0,0,D
1,85.1,68,70,0,1,0,1,0,F
1,90.1,73,75,0,1,0,1,0,F
0,91,74,86,0,1,1,1,0,A
0,91,74,75,1,1,1,0,0,C
0,85,68,67,0,1,0,0,0,D
1,83,66,80,0,0,1,0,1,E
0,93,76,80,0,1,0,1,0,F
0,87,70,70,1,1,1,0,0,G
0,95,78,90,1,1,1,0,0,G
0,87.9,71,99,0,1,1,1,0,A
0,88.9,72,84,0,1,1,1,0,A
1,91.9,75,85,0,1,1,1,0,A
0,96.9,80,82,0,0,1,1,1,B
0,86.9,70,78,1,1,1,0,0,C
1,91.9,75,78,1,1,1,0,0,C
0,94.9,78,80,1,1,1,0,0,C
0,90.9,74,74,0,1,0,0,0,D
1,86.9,70,72,0,0,1,0,1,E
0,87.9,71,84,1,1,1,0,0,G
0,97.9,81,78,1,1,1,0,0,G
1,91.8,75,74,0,0,1,1,1,B
0,91.8,75,73,1,1,1,0,0,C
0,88.8,72,70,0,1,0,0,0,D
1,89.7,73,90,0,1,1,1,0,A
0,81.7,65,75,0,1,0,0,0,D
0,82.7,66,80,0,0,1,0,1,E
1,90.7,74,80,0,0,1,0,1,E
1,86.7,70,75,0,1,0,1,0,F
0,86.7,70,85,1,1,1,0,0,G
0,96.6,80,90,0,1,1,1,0,A
1,82.6,66,87,0,0,1,0,1,E
1,84.6,68,81,0,0,1,0,1,E
1,92.5,76,80,0,1,1,1,0,A
0,96.5,80,90,0,1,1,1,0,A
1,91.5,75,94,1,1,1,0,0,C
1,94.5,78,90,1,1,1,0,0,C
1,86.5,70,76,0,1,0,1,0,F
0,96.5,80,90,1,1,1,0,0,G
1,94.4,78,83,0,1,1,1,0,A
0,97.4,81,90,0,1,1,1,0,A
0,98.4,82,89,0,1,1,1,0,A
1,90.4,74,90,0,0,1,1,1,B
0,86.4,70,73,1,1,1,0,0,C
0,87.4,71,76,1,1,1,0,0,C
1,76.4,60,71,0,1,0,0,0,D
1,76.4,60,77,0,1,0,0,0,D
1,88.4,72,85,0,1,0,0,0,D
1,96.4,80,85,0,1,0,1,0,F
1,89.3,73,88,0,1,1,1,0,A
0,87.3,71,73,1,1,1,0,0,C
1,94.3,78,82,1,1,1,0,0,C
0,79.3,63,60,0,1,0,0,0,D
0,84.3,68,67,0,1,0,0,0,D
1,92.3,76,91,0,1,0,1,0,F
1,92.3,76,74,1,1,1,0,0,G
0,94.3,78,84,1,1,1,0,0,G
1,96.3,80,93,1,1,1,0,0,G
0,98.3,82,97,1,1,1,0,0,G
0,81.2,65,91,0,1,1,1,0,A
1,94.2,78,80,0,1,1,1,0,A
1,96.2,80,84,0,0,1,1,1,B
0,88.2,72,86,1,1,1,0,0,C
0,90.2,74,77,1,1,1,0,0,C
1,94.2,78,81,1,1,1,0,0,C
0,96.2,80,99,0,1,0,0,0,D
0,96.2,80,81,0,1,0,0,0,D
0,91.2,75,74,0,1,0,1,0,F
1,91.2,75,84,0,1,0,1,0,F
0,93.2,77,81,0,1,0,1,0,F
1,89.2,73,76,1,1,1,0,0,G
0,96.2,80,88,1,1,1,0,0,G
1,89.1,73,81,0,1,1,1,0,A
0,96.1,80,93,0,0,1,1,1,B
0,92.1,76,93,1,1,1,0,0,C
0,97.1,81,86,1,1,1,0,0,C
1,77.1,61,84,0,1,0,0,0,D
0,81.1,65,74,0,1,0,0,0,D
1,90.1,74,85,0,1,0,0,0,D
1,93.1,77,85,1,1,1,0,0,G
1,94.1,78,80,1,1,1,0,0,G
0,89,73,82,0,1,1,1,0,A
1,94,78,93,0,1,1,1,0,A
0,97,81,87,0,1,1,1,0,A
0,93,77,88,0,0,1,1,1,B
1,93,77,80,1,1,1,0,0,C
0,94,78,85,1,1,1,0,0,C
1,96,80,88,1,1,1,0,0,C
1,96,80,77,1,1,1,0,0,C
1,81,65,65,0,1,0,0,0,D
0,87,71,78,0,1,0,1,0,F
0,92,76,74,0,1,0,1,0,F
0,91,75,73,1,1,1,0,0,G
1,91,75,80,1,1,1,0,0,G
0,92,76,86,1,1,1,0,0,G
0,96,80,85,1,1,1,0,0,G
0,91.9,76,83,0,1,1,1,0,A
1,98.9,83,82,0,1,1,1,0,A
0,88.9,73,83,1,1,1,0,0,C
0,95.9,80,80,1,1,1,0,0,C
1,86.9,71,80,0,1,0,0,0,D
0,93.9,78,74,0,1,0,0,0,D
1,85.9,70,71,0,1,0,1,0,F
0,85.9,70,92,1,1,1,0,0,G
1,89.8,74,84,0,1,1,1,0,A
1,95.8,80,85,0,1,1,1,0,A
1,95.8,80,81,0,1,1,1,0,A
0,95.8,80,92,0,1,1,1,0,A
0,96.8,81,90,0,1,1,1,0,A
0,95.8,80,80,1,1,1,0,0,C
1,97.8,82,82,1,1,1,0,0,C
1,85.8,70,70,0,0,1,0,1,E
1,87.8,72,70,0,1,0,1,0,F
1,91.8,76,83,1,1,1,0,0,G
1,83.7,68,82,0,1,1,1,0,A
1,87.7,72,74,0,1,1,1,0,A
1,95.7,80,81,0,1,1,1,0,A
1,95.7,80,88,0,0,1,1,1,B
1,91.7,76,80,1,1,1,0,0,C
0,95.7,80,90,1,1,1,0,0,C
0,96.7,81,80,1,1,1,0,0,C
0,97.7,82,92,1,1,1,0,0,C
1,79.7,64,77,0,1,0,0,0,D
0,91.7,76,92,0,1,0,0,0,D
0,92.7,77,76,0,1,0,0,0,D
0,95.7,80,90,0,1,0,0,0,D
1,83.7,68,70,0,0,1,0,1,E
1,92.7,77,82,0,0,1,0,1,E
1,83.7,68,97,0,1,0,1,0,F
1,88.7,73,81,0,1,0,1,0,F
0,95.7,80,84,1,1,1,0,0,G
1,90.6,75,75,0,1,1,1,0,A
0,90.6,75,83,0,1,1,1,0,A
0,95.6,80,93,0,1,1,1,0,A
1,91.6,76,74,1,1,1,0,0,C
0,95.6,80,85,1,1,1,0,0,C
1,96.6,81,86,1,1,1,0,0,C
1,97.6,82,93,1,1,1,0,0,C
1,85.6,70,67,0,1,0,0,0,D
0,96.6,81,86,1,1,1,0,0,G
1,92.5,77,87,1,1,1,0,0,C
0,97.5,82,91,1,1,1,0,0,C
0,96.5,81,84,1,1,1,0,0,G
1,88.4,73,70,0,0,1,1,1,B
0,89.4,74,90,0,0,1,1,1,B
0,92.4,77,84,0,0,1,1,1,B
1,96.4,81,80,0,0,1,1,1,B
0,90.4,75,81,1,1,1,0,0,C
1,95.4,80,80,1,1,1,0,0,C
0,79.4,64,62,0,1,0,0,0,D
1,91.4,76,80,0,1,0,0,0,D
1,93.4,78,83,0,1,0,0,0,D
1,95.4,80,80,0,0,1,0,1,E
0,95.4,80,93,0,0,1,0,1,E
1,89.4,74,70,0,1,0,1,0,F
1,91.4,76,85,0,1,0,1,0,F
0,95.4,80,80,1,1,1,0,0,G
0,96.3,81,90,0,1,1,1,0,A
1,93.3,78,75,0,0,1,1,1,B
1,87.3,72,82,1,1,1,0,0,C
1,96.3,81,77,1,1,1,0,0,C
0,83.3,68,80,0,1,0,1,0,F
0,98.3,83,91,0,1,0,1,0,F
1,87.3,72,80,1,1,1,0,0,G
0,95.3,80,91,1,1,1,0,0,G
0,98.3,83,90,1,1,1,0,0,G
0,91.2,76,80,0,0,1,1,1,B
0,92.2,77,81,1,1,1,0,0,C
0,95.2,80,80,1,1,1,0,0,C
1,89.2,74,76,0,1,0,0,0,D
1,81.2,66,68,0,0,1,0,1,E
1,83.2,68,72,0,0,1,0,1,E
1,97.2,82,85,0,0,1,0,1,E
1,85.2,70,80,0,1,0,1,0,F
1,90.2,75,71,0,1,0,1,0,F
0,96.2,81,88,1,1,1,0,0,G
0,97.2,82,90,1,1,1,0,0,G
0,93.1,78,76,0,1,1,1,0,A
0,95.1,80,82,0,1,1,1,0,A
1,93.1,78,75,0,0,1,1,1,B
0,89.1,74,78,1,1,1,0,0,C
1,90.1,75,80,1,1,1,0,0,C
0,92.1,77,83,1,1,1,0,0,C
0,85.1,70,67,0,1,0,0,0,D
0,89.1,74,85,0,1,0,0,0,D
1,86.1,71,85,1,1,1,0,0,G
0,93.1,78,86,1,1,1,0,0,G
0,96.1,81,83,1,1,1,0,0,G
0,98.1,83,90,1,1,1,0,0,G
1,89,74,70,0,1,1,1,0,A
0,95,80,93,0,1,1,1,0,A
0,91,76,85,1,1,1,0,0,C
1,97,82,82,1,1,1,0,0,C
1,75,60,68,0,1,0,0,0,D
0,83,68,75,0,1,0,0,0,D
0,95,80,86,1,1,1,0,0,G
1,94.9,80,90,0,1,1,1,0,A
0,96.9,82,77,0,1,1,1,0,A
1,90.9,76,86,1,1,1,0,0,C
1,94.9,80,95,1,1,1,0,0,C
1,94.9,80,83,1,1,1,0,0,C
1,94.9,80,97,1,1,1,0,0,C
0,95.9,81,80,1,1,1,0,0,C
1,95.9,81,80,1,1,1,0,0,C
0,77.9,63,61,0,1,0,0,0,D
0,87.9,73,77,0,1,0,0,0,D
0,90.9,76,82,0,1,0,1,0,F
1,94.9,80,90,0,1,0,1,0,F
0,86.9,72,84,1,1,1,0,0,G
0,94.9,80,88,1,1,1,0,0,G
1,91.8,77,78,0,0,1,1,1,B
1,90.8,76,77,1,1,1,0,0,C
1,94.8,80,90,1,1,1,0,0,C
1,96.8,82,84,1,1,1,0,0,C
1,90.8,76,80,0,0,1,0,1,E
0,95.8,81,88,1,1,1,0,0,G
1,91.7,77,72,0,1,1,1,0,A
0,95.7,81,80,0,1,1,1,0,A
1,91.7,77,76,1,1,1,0,0,C
1,89.7,75,74,0,1,0,0,0,D
1,89.7,75,84,0,1,0,1,0,F
0,90.7,76,72,0,1,0,1,0,F
0,94.7,80,82,1,1,1,0,0,G
0,92.6,78,88,0,1,1,1,0,A
0,92.6,78,74,0,1,1,1,0,A
0,90.6,76,74,1,1,1,0,0,C
1,94.6,80,87,1,1,1,0,0,C
0,94.6,80,81,1,1,1,0,0,C
1,95.6,81,90,1,1,1,0,0,C
0,84.6,70,70,0,1,0,0,0,D
1,84.6,70,65,0,0,1,0,1,E
0,94.5,80,88,0,1,1,1,0,A
0,94.5,80,81,0,1,1,1,0,A
1,91.5,77,88,1,1,1,0,0,C
1,94.5,80,83,1,1,1,0,0,C
0,95.5,81,81,1,1,1,0,0,C
1,90.5,76,90,0,0,1,0,1,E
0,91.5,77,72,0,0,1,0,1,E
1,92.5,78,81,0,0,1,0,1,E
1,94.5,80,80,0,1,0,1,0,F
0,95.5,81,82,1,1,1,0,0,G
1,90.4,76,80,0,1,1,1,0,A
1,95.4,81,82,1,1,1,0,0,C
1,96.4,82,80,1,1,1,0,0,C
1,96.4,82,82,1,1,1,0,0,C
1,74.4,60,70,0,1,0,0,0,D
1,84.4,70,75,0,1,0,0,0,D
1,90.4,76,82,0,0,1,0,1,E
0,91.3,77,90,0,1,1,1,0,A
0,94.3,80,83,0,1,1,1,0,A
1,95.3,81,82,0,1,1,1,0,A
0,96.3,82,87,0,0,1,1,1,B
1,92.3,78,86,1,1,1,0,0,C
1,94.3,80,88,1,1,1,0,0,C
1,94.3,80,78,0,1,0,1,0,F
1,96.3,82,99,0,1,0,1,0,F
1,95.3,81,84,1,1,1,0,0,G
0,96.3,82,82,1,1,1,0,0,G
1,94.2,80,81,0,1,1,1,0,A
1,94.2,80,93,0,0,1,1,1,B
1,86.2,72,76,1,1,1,0,0,C
0,89.2,75,72,1,1,1,0,0,C
1,93.2,79,74,1,1,1,0,0,C
1,94.2,80,81,1,1,1,0,0,C
0,88.2,74,83,0,1,0,0,0,D
1,94.2,80,90,0,1,0,0,0,D
0,87.2,73,86,0,1,0,1,0,F
0,94.2,80,84,0,1,0,1,0,F
0,96.2,82,84,1,1,1,0,0,G
1,85.1,71,68,0,1,1,1,0,A
1,89.1,75,72,0,1,1,1,0,A
1,91.1,77,82,0,0,1,1,1,B
1,94.1,80,83,0,0,1,1,1,B
1,94.1,80,82,1,1,1,0,0,C
1,96.1,82,86,1,1,1,0,0,C
0,89.1,75,73,0,1,0,0,0,D
1,94.1,80,80,0,1,0,0,0,D
1,96.1,82,80,0,0,1,0,1,E
1,96,82,91,0,1,1,1,0,A
0,96,82,87,0,0,1,1,1,B
1,94,80,80,0,1,0,0,0,D
0,94,80,80,1,1,1,0,0,G
0,95,81,95,1,1,1,0,0,G
0,93.9,80,85,0,1,1,1,0,A
0,85.1,99,71,0,1,0,0,0,D
1,83.9,70,93,0,0,1,0,1,E
1,89.9,76,76,1,1,1,0,0,G
1,89.9,76,85,1,1,1,0,0,G
0,96.9,83,85,1,1,1,0,0,G
1,87.8,74,75,0,1,1,1,0,A
0,88.8,75,78,0,1,1,1,0,A
1,91.8,78,81,0,1,1,1,0,A
0,94.8,81,90,0,1,1,1,0,A
1,95.8,82,90,0,1,1,1,0,A
0,97.8,84,93,0,1,1,1,0,A
0,93.8,80,80,1,1,1,0,0,C
0,94.8,81,80,1,1,1,0,0,C
1,94.8,81,82,1,1,1,0,0,C
1,96.8,83,83,1,1,1,0,0,C
0,80.8,67,65,0,1,0,0,0,D
1,83.8,70,68,0,1,0,0,0,D
1,81.8,68,75,0,1,0,1,0,F
1,86.8,73,75,0,1,0,1,0,F
1,93.8,80,80,1,1,1,0,0,G
1,81.7,68,65,0,1,1,1,0,A
0,90.7,77,90,0,1,1,1,0,A
1,91.7,78,81,0,1,1,1,0,A
0,93.7,80,85,0,1,1,1,0,A
0,94.7,81,85,0,1,1,1,0,A
0,91.7,78,78,1,1,1,0,0,C
1,88.7,75,72,0,1,0,0,0,D
1,85.7,72,75,0,1,0,1,0,F
0,89.6,76,71,0,1,1,1,0,A
1,90.6,77,82,0,1,1,1,0,A
1,93.6,80,81,0,1,1,1,0,A
0,93.6,80,77,0,1,1,1,0,A
1,94.6,81,82,0,1,1,1,0,A
1,82.4,96,87,0,0,1,1,1,B
1,93.6,80,81,0,0,1,1,1,B
1,95.6,82,85,1,1,1,0,0,C
1,83.6,70,94,0,1,0,0,0,D
0,83.6,70,83,0,1,0,0,0,D
1,83.6,70,75,0,0,1,0,1,E
1,93.6,80,81,0,0,1,0,1,E
1,83.6,70,80,0,1,0,1,0,F
1,88.6,75,94,0,1,0,1,0,F
1,89.6,76,81,0,1,0,1,0,F
0,94.6,81,81,0,1,0,1,0,F
1,97.6,84,80,0,1,0,1,0,F
0,93.6,80,77,1,1,1,0,0,G
1,93.5,80,78,0,0,1,1,1,B
1,83.5,70,83,1,1,1,0,0,C
0,95.5,82,84,1,1,1,0,0,C
1,87.5,74,91,0,0,1,0,1,E
1,93.5,80,82,0,1,0,1,0,F
0,95.5,82,86,0,1,0,1,0,F
0,93.4,80,83,0,1,1,1,0,A
1,96.4,83,80,0,0,1,1,1,B
1,84.4,71,66,0,0,1,0,1,E
1,89.4,76,74,0,0,1,0,1,E
1,95.4,82,87,0,0,1,0,1,E
1,86.4,73,72,0,1,0,1,0,F
1,87.4,74,84,1,1,1,0,0,G
0,91.3,78,77,0,0,1,1,1,B
1,91.3,78,81,0,0,1,1,1,B
0,93.3,80,90,1,1,1,0,0,C
0,98.3,85,90,1,1,1,0,0,C
1,84.3,71,83,0,1,0,1,0,F
1,95.3,82,90,0,1,0,1,0,F
0,91.3,78,82,1,1,1,0,0,G
0,93.3,80,80,1,1,1,0,0,G
0,90.2,77,82,0,1,1,1,0,A
1,86.2,73,80,0,0,1,1,1,B
1,91.2,78,80,0,0,1,1,1,B
0,93.2,80,86,0,0,1,1,1,B
1,90.2,77,80,1,1,1,0,0,C
1,93.2,80,84,1,1,1,0,0,C
1,81.2,68,72,0,1,0,0,0,D
1,87.1,74,82,0,1,1,1,0,A
1,87.1,74,87,0,1,1,1,0,A
0,93.1,80,75,0,1,1,1,0,A
0,95.1,82,88,0,1,1,1,0,A
0,96.1,83,80,1,1,1,0,0,G
1,86,73,80,0,1,1,1,0,A
1,95,82,84,0,1,1,1,0,A
1,97,84,82,0,0,1,1,1,B
0,91,78,91,1,1,1,0,0,C
1,91,78,80,1,1,1,0,0,C
0,93,80,88,1,1,1,0,0,C
0,95,82,82,1,1,1,0,0,C
1,83,70,72,0,1,0,0,0,D
1,83,70,72,0,0,1,0,1,E
1,96,83,76,0,1,0,1,0,F
1,88,75,95,1,1,1,0,0,G
1,94,81,90,1,1,1,0,0,G
1,93.9,81,90,0,1,1,1,0,A
0,95.9,83,84,0,1,1,1,0,A
1,97.9,85,90,0,1,1,1,0,A
0,92.9,80,84,0,0,1,1,1,B
1,93.9,81,80,0,0,1,1,1,B
1,96.9,84,93,0,0,1,1,1,B
0,87.9,75,92,0,1,0,0,0,C
1,92.9,80,87,1,1,1,0,0,C
1,92.9,80,77,1,1,1,0,0,C
1,92.9,80,81,1,1,1,0,0,C
1,92.9,80,87,1,1,1,0,0,C
1,83.9,71,75,0,1,0,1,0,F
0,85.9,73,78,0,1,0,1,0,F
0,90.9,78,76,1,1,1,0,0,G
0,92.9,80,82,1,1,1,0,0,G
0,97.9,85,86,1,1,1,0,0,G
0,87.8,75,71,0,1,1,1,0,A
1,92.8,80,75,0,1,1,1,0,A
1,95.8,83,82,0,1,1,1,0,A
1,90.8,78,88,1,1,1,0,0,C
0,92.8,80,77,1,1,1,0,0,C
1,99.8,87,81,1,1,1,0,0,C
0,82.8,70,72,0,1,0,0,0,D
1,89.8,77,80,0,1,0,1,0,F
1,97.8,85,87,0,1,0,1,0,F
0,94.7,82,83,0,1,1,1,0,A
0,78.7,66,77,0,1,0,0,0,D
0,86.7,74,76,0,1,0,0,0,D
1,83.7,71,67,0,1,0,1,0,F
1,87.7,75,84,0,1,0,1,0,F
1,94.7,82,86,0,1,0,1,0,F
0,94.7,82,92,1,1,1,0,0,G
0,95.7,83,82,1,1,1,0,0,G
1,94.6,82,75,0,1,1,1,0,A
1,96.6,84,88,0,1,1,1,0,A
1,93.6,81,80,0,0,1,1,1,B
1,92.6,80,81,1,1,1,0,0,C
1,88.6,76,70,0,1,0,1,0,F
0,96.6,84,93,1,1,1,0,0,G
1,92.5,80,81,1,1,1,0,0,C
1,86.5,74,70,0,0,1,0,1,E
0,89.5,77,81,1,1,1,0,0,G
0,89.4,77,97,0,1,1,1,0,A
0,96.4,84,82,0,0,1,1,1,B
0,82.4,70,84,0,1,0,0,0,C
0,92.4,80,85,1,1,1,0,0,C
1,92.4,80,82,1,1,1,0,0,C
1,93.4,81,84,1,1,1,0,0,C
0,93.4,81,93,0,1,0,0,0,C
0,82.4,70,73,0,1,0,0,0,D
1,87.4,75,76,0,1,0,1,0,F
1,90.4,78,91,0,1,0,1,0,F
1,92.4,80,80,0,1,0,1,0,F
1,92.3,80,84,0,1,1,1,0,A
0,92.3,80,80,0,0,1,1,1,B
1,88.3,76,81,1,1,1,0,0,C
0,98.3,86,91,1,1,1,0,0,C
1,86.3,74,88,0,1,0,0,0,D
1,98.3,86,93,0,1,0,1,0,F
0,95.2,83,82,0,1,1,1,0,A
1,93.2,81,93,0,0,1,1,1,B
1,98.2,86,86,0,0,1,1,1,B
0,95.2,83,96,1,1,1,0,0,C
0,98.2,86,87,1,1,1,0,0,C
0,89.2,77,77,0,1,0,0,0,D
1,84.2,72,78,0,0,1,0,1,E
1,82.2,70,80,0,1,0,1,0,F
0,92.2,80,75,0,1,0,1,0,F
0,94.2,82,82,1,1,1,0,0,G
1,89.1,77,81,0,1,1,1,0,A
0,92.1,80,81,0,1,1,1,0,A
1,94.1,82,90,0,1,1,1,0,A
0,96.1,84,87,0,1,1,1,0,A
0,96.1,84,81,0,1,1,1,0,A
1,87.1,75,86,0,0,1,1,1,B
1,96.1,84,87,0,0,1,1,1,B
1,93.1,81,85,1,1,1,0,0,C
1,93.1,81,86,1,1,1,0,0,C
0,93.1,81,75,0,1,0,0,0,C
1,94.1,82,75,1,1,1,0,0,C
0,96.1,84,86,1,1,1,0,0,C
0,97.1,85,87,1,1,1,0,0,C
1,78.9,91,80,0,1,0,0,0,D
0,95.1,83,88,1,1,1,0,0,G
0,97.1,85,78,1,1,1,0,0,G
0,97.1,85,81,1,1,1,0,0,G
1,87,75,80,0,1,1,1,0,A
1,89,77,90,0,1,1,1,0,A
1,99,87,96,0,0,1,1,1,B
1,92,80,83,1,1,1,0,0,C
0,92,80,82,1,1,1,0,0,C
0,94,82,82,1,1,1,0,0,C
1,90,78,77,0,0,1,0,1,E
0,92,80,80,0,1,0,1,0,F
1,92,80,85,0,1,0,1,0,F
0,94,82,75,1,1,1,0,0,G
1,94,82,85,1,1,1,0,0,G
1,92.9,81,83,0,1,1,1,0,A
0,96.9,85,99,0,1,1,1,0,A
0,93.9,82,86,1,1,1,0,0,C
1,91.9,80,92,0,1,0,0,0,D
1,91.9,80,84,0,0,1,0,1,E
0,86.8,75,81,0,1,1,1,0,A
0,96.8,85,84,0,1,1,1,0,A
1,91.8,80,74,0,0,1,1,1,B
1,92.8,81,75,0,0,1,1,1,B
1,94.8,83,82,0,0,1,1,1,B
1,91.8,80,80,1,1,1,0,0,C
1,97.8,86,94,1,1,1,0,0,C
0,89.8,78,78,0,1,0,1,0,F
1,93.8,82,77,0,1,0,1,0,F
1,91.8,80,78,1,1,1,0,0,G
0,92.7,81,92,0,1,1,1,0,A
0,96.7,85,90,1,1,1,0,0,C
0,96.7,85,82,1,1,1,0,0,C
1,89.7,78,72,1,1,1,0,0,G
1,91.6,80,99,0,1,1,1,0,A
1,91.6,80,83,0,1,1,1,0,A
0,98.6,87,91,0,1,1,1,0,A
1,86.4,98,97,0,0,1,1,1,B
1,95.6,84,87,0,0,1,1,1,B
1,92.6,81,83,1,1,1,0,0,C
1,66.6,55,55,0,1,0,0,0,D
1,95.6,84,82,0,0,1,0,1,E
0,96.6,85,93,1,1,1,0,0,G
1,97.5,86,90,0,1,1,1,0,A
1,92.5,81,76,0,0,1,1,1,B
1,92.5,81,76,0,0,1,1,1,B
1,94.5,83,84,0,0,1,1,1,B
0,97.5,86,80,1,1,1,0,0,C
1,95.5,84,96,0,1,0,0,0,D
0,89.5,78,80,0,1,0,1,0,F
0,94.5,83,85,1,1,1,0,0,G
1,97.4,86,96,0,1,1,1,0,A
1,92.4,81,92,1,1,1,0,0,C
1,96.4,85,84,1,1,1,0,0,C
1,82.4,71,67,0,1,0,0,0,D
1,92.4,81,73,0,1,0,1,0,F
0,93.4,82,80,1,1,1,0,0,G
0,95.4,84,84,1,1,1,0,0,G
1,96.4,85,83,1,1,1,0,0,G
0,96.3,85,94,0,1,1,1,0,A
1,93.3,82,93,1,1,1,0,0,C
1,97.3,86,82,1,1,1,0,0,C
0,98.3,87,99,1,1,1,0,0,C
1,88.3,77,75,0,1,0,0,0,D
1,89.2,78,73,0,1,1,1,0,A
1,91.2,80,83,0,1,1,1,0,A
0,91.2,80,75,0,1,1,1,0,A
0,97.2,86,85,0,1,1,1,0,A
0,97.2,86,88,0,1,1,1,0,A
1,99.2,88,90,0,0,1,1,1,B
1,91.2,80,83,1,1,1,0,0,C
1,91.2,80,92,1,1,1,0,0,C
0,92.2,81,76,1,1,1,0,0,C
0,93.2,82,90,1,1,1,0,0,C
0,94.2,83,80,1,1,1,0,0,C
0,96.2,85,93,1,1,1,0,0,C
1,96.2,85,91,1,1,1,0,0,C
0,93.2,82,75,0,1,0,0,0,D
0,91.2,80,75,0,0,1,0,1,E
1,81.2,70,83,0,1,0,1,0,F
0,96.2,85,91,1,1,1,0,0,G
1,98.1,87,93,0,1,1,1,0,A
1,91.1,80,80,1,1,1,0,0,C
1,95.1,84,87,1,1,1,0,0,C
1,86.1,75,92,0,1,0,0,0,D
1,98.1,87,91,0,1,0,0,0,D
1,88.1,77,73,0,0,1,0,1,E
1,83.9,95,64,0,1,0,1,0,F
0,91.1,80,81,0,1,0,1,0,F
0,98.1,87,88,1,1,1,0,0,G
1,86,75,67,0,0,1,1,1,B
1,97,86,88,0,0,1,1,1,B
1,89,78,74,1,1,1,0,0,C
0,82,71,62,0,1,0,0,0,D
1,95,84,80,0,0,1,0,1,E
0,96,85,86,1,1,1,0,0,G
0,97,86,93,1,1,1,0,0,G
1,90.9,80,97,0,1,1,1,0,A
0,95.9,85,85,0,1,1,1,0,A
1,90.9,80,90,0,0,1,1,1,B
0,91.9,81,80,1,1,1,0,0,C
1,86.9,76,71,0,1,0,0,0,D
1,90.9,80,74,0,0,1,0,1,E
1,94.9,84,90,0,1,0,1,0,F
1,90.8,80,88,0,1,1,1,0,A
1,98.8,88,97,1,1,1,0,0,C
0,94.8,84,75,1,1,1,0,0,G
0,97.8,87,92,1,1,1,0,0,G
1,90.7,80,76,0,1,1,1,0,A
1,91.7,81,80,0,1,1,1,0,A
0,95.7,85,90,0,1,1,1,0,A
0,94.7,84,83,0,0,1,1,1,B
0,91.7,81,73,1,1,1,0,0,C
1,94.7,84,85,1,1,1,0,0,C
1,88.7,78,83,0,0,1,0,1,E
0,86.7,76,70,0,1,0,1,0,F
0,91.7,81,80,1,1,1,0,0,G
0,85.6,75,72,0,1,1,1,0,A
1,94.6,84,87,0,1,1,1,0,A
0,87.6,77,75,1,1,1,0,0,C
1,91.6,81,93,1,1,1,0,0,C
1,92.6,82,86,1,1,1,0,0,C
0,94.6,84,76,1,1,1,0,0,C
0,97.6,87,85,1,1,1,0,0,C
1,91.6,81,73,0,1,0,0,0,D
1,88.5,78,84,0,1,1,1,0,A
1,94.5,84,90,0,1,1,1,0,A
0,95.5,85,88,0,1,1,1,0,A
1,90.5,80,88,0,0,1,1,1,B
0,94.4,84,90,0,1,1,1,0,A
0,96.4,86,80,0,1,1,1,0,A
0,98.4,88,93,0,1,1,1,0,A
1,91.4,81,74,1,1,1,0,0,C
1,91.4,81,80,1,1,1,0,0,C
0,92.4,82,91,1,1,1,0,0,C
1,93.4,83,83,1,1,1,0,0,C
1,95.4,85,80,1,1,1,0,0,C
1,97.4,87,91,1,1,1,0,0,C
1,91.4,81,90,0,1,0,1,0,F
1,92.4,82,80,0,1,0,1,0,F
0,90.4,80,90,1,1,1,0,0,G
0,94.4,84,92,1,1,1,0,0,G
0,94.4,84,86,1,1,1,0,0,G
1,95.4,85,91,1,1,1,0,0,G
0,97.4,87,90,1,1,1,0,0,G
1,95.3,85,80,0,1,1,1,0,A
1,95.3,85,90,0,1,1,1,0,A
0,95.3,85,96,1,1,1,0,0,C
0,86.3,76,80,0,1,0,0,0,D
0,92.3,82,83,0,1,0,0,0,D
1,82.7,93,91,0,0,1,0,1,E
1,94.3,84,83,1,1,1,0,0,G
0,97.3,87,94,1,1,1,0,0,G
0,90.2,80,99,0,1,1,1,0,A
1,92.2,82,84,0,0,1,1,1,B
1,90.2,80,85,1,1,1,0,0,C
1,92.2,82,93,1,1,1,0,0,C
1,92.2,82,80,1,1,1,0,0,C
0,96.2,86,85,1,1,1,0,0,C
1,98.2,88,88,1,1,1,0,0,C
1,83.2,73,85,0,1,0,0,0,D
1,81.2,71,72,0,1,0,1,0,F
1,82.2,72,70,0,1,0,1,0,F
1,84.2,74,65,0,1,0,1,0,F
1,91.2,81,91,1,1,1,0,0,G
0,92.2,82,93,1,1,1,0,0,G
0,97.2,87,90,1,1,1,0,0,G
1,87.1,77,74,0,0,1,1,1,B
1,94.1,84,90,0,0,1,1,1,B
0,93.1,83,80,1,1,1,0,0,C
1,86.1,76,70,0,1,0,0,0,D
1,81.1,71,86,0,1,0,1,0,F
1,88.1,78,87,0,1,0,1,0,F
1,90.1,80,96,0,1,0,1,0,F
1,92.1,82,86,0,1,0,1,0,F
0,93.1,83,74,0,1,0,1,0,F
1,93.1,83,81,1,1,1,0,0,G
0,90,80,80,0,0,1,1,1,B
1,91,81,80,0,0,1,1,1,B
1,90,80,80,1,1,1,0,0,C
0,91,81,90,1,1,1,0,0,C
1,92,82,87,1,1,1,0,0,C
0,95,85,92,1,1,1,0,0,C
1,78,88,83,0,1,0,0,0,D
1,96,86,77,0,1,0,1,0,F
1,93,83,82,1,1,1,0,0,G
0,96,86,82,1,1,1,0,0,G
1,89.9,80,72,0,0,1,1,1,B
1,91.9,82,79,0,0,1,1,1,B
1,86.9,77,97,1,1,1,0,0,C
1,90.9,81,76,1,1,1,0,0,C
1,90.9,81,90,1,1,1,0,0,C
1,93.9,84,74,1,1,1,0,0,C
0,97.9,88,98,1,1,1,0,0,C
0,83.9,74,76,0,1,0,0,0,D
1,92.9,83,88,0,1,0,1,0,F
0,90.9,81,85,1,1,1,0,0,G
0,94.9,85,76,1,1,1,0,0,G
1,94.8,85,85,0,1,1,1,0,A
0,97.8,88,82,0,1,1,1,0,A
1,92.8,83,85,0,0,1,1,1,B
1,79.8,70,82,0,1,0,0,0,D
0,93.8,84,82,0,0,1,0,1,E
1,85.8,76,80,0,1,0,1,0,F
1,94.7,85,82,0,1,1,1,0,A
0,96.7,87,86,0,1,1,1,0,A
1,96.7,87,85,0,0,1,1,1,B
0,86.7,77,73,0,1,0,1,0,F
1,92.7,83,75,0,1,0,1,0,F
0,89.7,80,76,1,1,1,0,0,G
1,89.6,80,70,0,1,1,1,0,A
1,89.6,80,74,0,1,1,1,0,A
1,90.6,81,75,0,1,1,1,0,A
1,93.6,84,86,0,0,1,1,1,B
1,86.6,77,80,1,1,1,0,0,C
0,89.6,80,80,1,1,1,0,0,C
1,90.6,81,83,1,1,1,0,0,C
1,92.6,83,91,1,1,1,0,0,C
0,92.6,83,81,1,1,1,0,0,C
1,83.6,74,82,0,1,0,1,0,F
0,92.6,83,74,1,1,1,0,0,G
1,94.6,85,95,1,1,1,0,0,G
0,97.6,88,94,1,1,1,0,0,G
0,97.5,88,83,0,1,1,1,0,A
0,87.5,78,73,0,0,1,1,1,B
0,83.5,74,66,0,1,0,0,0,D
1,89.5,80,76,0,1,0,0,0,D
1,92.5,83,81,0,1,0,1,0,F
0,95.5,86,77,1,1,1,0,0,G
1,97.5,88,85,1,1,1,0,0,G
1,94.4,85,91,0,1,1,1,0,A
0,95.4,86,83,0,1,1,1,0,A
0,70.4,61,55,0,1,0,0,0,D
1,77.4,68,70,0,1,0,0,0,D
1,93.4,84,80,0,0,1,0,1,E
1,82.4,73,70,0,1,0,1,0,F
1,90.4,81,84,0,1,0,1,0,F
0,84.3,75,80,0,1,1,1,0,A
1,93.3,84,90,0,1,1,1,0,A
1,95.3,86,86,0,1,1,1,0,A
1,96.3,87,94,0,0,1,1,1,B
0,97.3,88,96,0,0,1,1,1,B
1,80.7,90,80,1,1,1,0,0,C
1,92.3,83,82,1,1,1,0,0,C
0,84.3,75,94,1,1,1,0,0,G
0,94.3,85,84,1,1,1,0,0,G
0,96.3,87,90,1,1,1,0,0,G
0,91.2,82,80,0,1,1,1,0,A
0,97.2,88,80,0,1,1,1,0,A
1,89.2,80,75,0,1,0,1,0,F
1,89.8,99,94,0,1,0,1,0,F
1,96.2,87,78,0,1,0,1,0,F
0,86.2,77,80,1,1,1,0,0,G
0,90.2,81,90,1,1,1,0,0,G
0,92.2,83,86,1,1,1,0,0,G
1,92.1,83,85,0,1,1,1,0,A
1,90.1,81,90,1,1,1,0,0,C
1,74.1,65,55,0,1,0,0,0,D
1,80.1,71,65,0,1,0,0,0,D
0,85.1,76,74,0,1,0,0,0,D
1,84.1,75,67,0,1,0,1,0,F
1,91.1,82,90,0,1,0,1,0,F
1,91.1,82,82,0,1,0,1,0,F
1,89.9,99,93,1,1,1,0,0,G
0,97.1,88,91,1,1,1,0,0,G
1,92,83,78,0,1,1,1,0,A
1,92,83,80,0,0,1,1,1,B
1,95,86,93,1,1,1,0,0,C
1,95,86,88,1,1,1,0,0,C
1,96,87,78,1,1,1,0,0,C
1,82,73,75,0,1,0,0,0,D
0,89,80,80,1,1,1,0,0,G
1,85.9,77,67,0,1,1,1,0,A
1,88.9,80,78,0,1,1,1,0,A
0,82.9,74,76,0,1,0,0,0,C
1,90.9,82,93,1,1,1,0,0,C
0,93.9,85,80,1,1,1,0,0,C
1,79.9,71,70,0,1,0,0,0,D
1,90.1,99,90,0,0,1,0,1,E
0,84.9,76,90,0,1,0,1,0,F
0,88.9,80,90,1,1,1,0,0,G
0,89.9,81,83,1,1,1,0,0,G
0,91.9,83,81,1,1,1,0,0,G
0,98.8,90,92,0,1,1,1,0,A
0,91.8,83,92,1,1,1,0,0,C
0,92.8,84,77,1,1,1,0,0,C
1,96.8,88,84,1,1,1,0,0,C
0,95.8,87,90,0,1,0,1,0,F
0,93.8,85,80,1,1,1,0,0,G
0,94.8,86,90,1,1,1,0,0,G
1,89.7,81,86,0,1,1,1,0,A
1,90.7,82,80,0,1,1,1,0,A
0,95.7,87,83,0,1,1,1,0,A
0,98.7,90,93,0,1,1,1,0,A
1,90.3,99,92,0,0,1,1,1,B
1,94.7,86,86,1,1,1,0,0,C
1,78.7,70,75,0,1,0,0,0,D
1,90.7,82,72,0,0,1,0,1,E
1,90.7,82,78,0,1,0,1,0,F
1,95.7,87,77,1,1,1,0,0,G
0,92.6,84,83,0,1,1,1,0,A
0,95.6,87,97,0,1,1,1,0,A
0,95.6,87,85,0,1,1,1,0,A
1,88.6,80,74,0,0,1,1,1,B
1,91.6,83,73,1,1,1,0,0,C
1,95.6,87,99,1,1,1,0,0,C
1,95.6,87,93,1,1,1,0,0,C
1,96.6,88,88,1,1,1,0,0,C
0,92.6,84,83,0,1,0,0,0,D
1,93.6,85,92,0,1,0,1,0,F
1,88.5,80,71,0,0,1,1,1,B
1,93.5,85,88,1,1,1,0,0,C
1,96.5,88,90,0,1,0,1,0,F
0,92.5,84,74,1,1,1,0,0,G
1,91.4,83,84,0,1,1,1,0,A
0,93.4,85,91,0,1,1,1,0,A
0,93.4,85,77,0,0,1,1,1,B
0,94.4,86,82,0,0,1,1,1,B
1,89.4,81,88,1,1,1,0,0,C
1,89.4,81,86,1,1,1,0,0,C
1,94.4,86,82,1,1,1,0,0,C
0,91.4,83,81,0,1,0,1,0,F
1,93.3,85,91,0,1,1,1,0,A
1,95.3,87,83,0,0,1,1,1,B
1,79.3,71,60,0,1,0,0,0,D
1,88.3,80,81,0,1,0,1,0,F
0,94.3,86,76,1,1,1,0,0,G
0,91.2,83,82,0,1,1,1,0,A
1,88.2,80,84,0,0,1,1,1,B
1,93.2,85,90,1,1,1,0,0,C
0,93.2,85,85,1,1,1,0,0,C
0,94.2,86,85,1,1,1,0,0,C
0,82.2,74,80,0,1,0,0,0,D
1,83.2,75,91,0,0,1,0,1,E
1,92.2,84,95,0,1,0,1,0,F
0,88.1,80,83,0,0,1,1,1,B
1,90.9,99,73,0,0,1,0,1,E
0,90.9,99,74,0,1,0,1,0,F
0,98.1,90,83,1,1,1,0,0,G
1,95,87,82,0,1,1,1,0,A
0,93,85,86,1,1,1,0,0,C
1,96,88,93,1,1,1,0,0,C
0,98,90,93,1,1,1,0,0,C
1,89,81,72,0,1,0,0,0,D
1,86,94,83,0,0,1,0,1,E
1,93,85,75,0,1,0,1,0,F
1,87.9,80,87,0,1,1,1,0,A
1,94.9,87,75,0,1,1,1,0,A
0,91.1,99,84,1,1,1,0,0,C
1,85.9,78,73,0,0,1,0,1,E
1,90.1,98,84,0,0,1,0,1,E
1,87.9,80,78,1,1,1,0,0,G
0,97.9,90,99,1,1,1,0,0,G
0,98.8,91,91,0,1,1,1,0,A
0,91.8,84,85,1,1,1,0,0,C
1,92.8,85,82,1,1,1,0,0,C
1,92.8,85,81,1,1,1,0,0,C
1,93.8,86,75,1,1,1,0,0,C
1,84.8,77,66,0,1,0,0,0,D
1,83.8,76,75,0,0,1,0,1,E
1,95.8,88,81,0,1,0,1,0,F
1,84.8,77,84,1,1,1,0,0,G
1,92.8,85,80,1,1,1,0,0,G
1,91.7,84,78,0,1,1,1,0,A
1,93.7,86,82,0,1,1,1,0,A
1,97.7,90,97,0,1,1,1,0,A
1,87.7,80,75,0,0,1,1,1,B
1,91.3,99,90,0,0,1,1,1,B
1,95.7,88,84,0,0,1,1,1,B
1,90.7,83,88,1,1,1,0,0,C
1,91.3,99,73,1,1,1,0,0,C
1,91.7,84,81,1,1,1,0,0,C
1,78.7,71,63,0,1,0,0,0,D
1,93.7,86,91,0,1,0,1,0,F
1,88.6,81,90,0,1,1,1,0,A
0,92.6,85,82,0,1,1,1,0,A
1,91.6,84,90,1,1,1,0,0,C
1,92.6,85,80,1,1,1,0,0,C
1,93.6,86,92,1,1,1,0,0,C
0,90.6,83,71,0,1,0,1,0,F
0,97.6,90,86,1,1,1,0,0,G
0,95.5,88,77,0,1,1,1,0,A
1,87.5,80,70,0,1,0,0,0,D
0,92.5,85,80,0,0,1,0,1,E
1,92.5,85,75,0,1,0,1,0,F
1,98.4,91,97,0,1,1,1,0,A
1,92.4,85,86,1,1,1,0,0,C
1,95.4,88,92,1,1,1,0,0,C
0,95.4,88,88,0,1,0,0,0,D
1,82.6,90,67,0,0,1,0,1,E
1,91.4,84,84,0,0,1,0,1,E
1,87.6,95,89,0,1,0,1,0,F
0,98.4,91,86,1,1,1,0,0,G
1,91.3,84,81,0,1,1,1,0,A
1,91.3,84,84,0,1,1,1,0,A
0,98.3,91,93,0,1,1,1,0,A
1,93.3,86,95,1,1,1,0,0,C
0,93.3,86,80,1,1,1,0,0,C
1,95.3,88,86,1,1,1,0,0,C
0,95.3,88,81,1,1,1,0,0,C
0,93.3,86,84,1,1,1,0,0,G
0,97.3,90,90,1,1,1,0,0,G
1,88.8,96,94,0,1,1,1,0,A
1,87.2,80,87,1,1,1,0,0,C
1,87.2,80,76,0,1,0,1,0,F
1,87.2,80,80,0,1,0,1,0,F
0,97.1,90,85,0,1,1,1,0,A
1,98.1,91,97,0,1,1,1,0,A
1,94.1,87,96,1,1,1,0,0,C
0,83.1,76,74,0,0,1,0,1,E
1,88.1,81,80,0,1,0,1,0,F
0,93,86,77,0,1,1,1,0,A
1,93,86,92,0,1,1,1,0,A
0,92,85,82,1,1,1,0,0,C
1,88,81,70,0,0,1,0,1,E
1,92,85,88,1,1,1,0,0,G
1,94.9,88,94,0,1,1,1,0,A
1,88.1,95,90,1,1,1,0,0,C
1,89.9,83,80,1,1,1,0,0,C
1,91.9,85,81,1,1,1,0,0,C
1,92.9,86,79,1,1,1,0,0,C
1,93.9,87,87,1,1,1,0,0,C
0,97.9,91,86,1,1,1,0,0,C
0,97.9,91,91,1,1,1,0,0,G
0,90.8,84,91,0,1,1,1,0,A
1,96.8,90,77,0,1,1,1,0,A
1,96.8,90,86,0,1,1,1,0,A
0,97.8,91,92,0,0,1,1,1,B
1,88.8,82,83,1,1,1,0,0,C
1,88.8,82,76,1,1,1,0,0,C
1,94.8,88,90,1,1,1,0,0,C
1,74.8,68,77,0,1,0,0,0,D
1,84.2,91,74,0,0,1,0,1,E
0,97.8,91,94,1,1,1,0,0,G
0,94.7,88,90,0,1,1,1,0,A
0,97.7,91,90,0,1,1,1,0,A
1,93.7,87,92,0,0,1,1,1,B
1,91.7,85,85,1,1,1,0,0,C
1,97.7,91,91,1,1,1,0,0,C
0,97.7,91,85,1,1,1,0,0,C
0,83.3,90,66,0,1,0,0,0,D
1,88.7,82,75,0,0,1,0,1,E
1,91.7,85,83,0,0,1,0,1,E
1,88.7,82,91,0,1,0,1,0,F
1,88.6,82,86,1,1,1,0,0,C
1,92.6,86,80,1,1,1,0,0,C
1,97.6,91,93,1,1,1,0,0,C
0,83.6,77,80,0,1,0,0,0,D
0,89.4,96,83,0,1,0,0,0,D
1,93.6,87,80,0,0,1,0,1,E
1,87.6,81,90,0,1,0,1,0,F
0,98.6,92,96,1,1,1,0,0,G
0,93.5,87,92,1,1,1,0,0,C
1,97.5,91,84,1,1,1,0,0,C
0,91.5,85,93,1,1,1,0,0,G
0,91.4,85,72,0,1,1,1,0,A
0,93.4,87,92,0,1,1,1,0,A
1,96.4,90,94,0,1,1,1,0,A
1,83.4,77,80,1,1,1,0,0,C
0,91.4,85,83,1,1,1,0,0,C
0,91.4,85,82,1,1,1,0,0,C
1,96.4,90,80,1,1,1,0,0,C
1,83.3,77,84,0,1,1,1,0,A
1,92.3,86,85,0,1,1,1,0,A
1,94.3,88,97,0,1,1,1,0,A
1,97.3,91,90,0,1,1,1,0,A
1,96.3,90,95,0,0,1,1,1,B
1,75.7,82,71,0,1,0,0,0,D
1,86.3,80,67,0,0,1,0,1,E
1,96.2,90,90,0,1,1,1,0,A
1,97.2,91,94,1,1,1,0,0,C
1,76.2,70,62,0,1,0,0,0,D
0,91.2,85,83,1,1,1,0,0,G
0,94.2,88,92,1,1,1,0,0,G
1,86.1,80,85,0,1,1,1,0,A
1,96.1,90,93,0,1,1,1,0,A
1,96.1,90,88,0,1,1,1,0,A
1,92.1,86,99,1,1,1,0,0,C
0,96.1,90,92,1,1,1,0,0,C
1,97.1,91,90,1,1,1,0,0,C
0,79.1,73,72,0,1,0,0,0,D
1,93.1,87,88,0,0,1,0,1,E
1,90.1,84,85,0,1,0,1,0,F
1,92.1,86,87,0,1,0,1,0,F
0,97.1,91,80,0,1,0,1,0,F
0,88.1,82,85,1,1,1,0,0,G
1,92.9,99,88,1,1,1,0,0,G
1,97.1,91,92,1,1,1,0,0,G
0,91,85,76,0,0,1,1,1,B
1,90,84,82,1,1,1,0,0,C
1,93,99,85,1,1,1,0,0,C
0,97,91,91,1,1,1,0,0,C
1,98,92,96,1,1,1,0,0,C
1,93,99,95,0,1,0,1,0,F
0,86,80,90,1,1,1,0,0,G
1,95.9,90,85,0,1,1,1,0,A
0,96.9,91,80,0,1,1,1,0,A
0,97.9,92,88,0,1,1,1,0,A
1,85.9,80,90,0,0,1,1,1,B
1,91.9,86,88,1,1,1,0,0,C
1,91.9,86,91,1,1,1,0,0,C
1,92.1,98,92,1,1,1,0,0,C
1,93.9,88,93,1,1,1,0,0,C
0,96.9,91,93,1,1,1,0,0,C
1,97.9,92,94,1,1,1,0,0,C
0,80.9,75,64,0,1,0,0,0,D
1,97.9,92,94,0,0,1,0,1,E
0,89.1,95,85,0,1,0,1,0,F
1,96.9,91,90,1,1,1,0,0,G
1,93.2,99,93,0,1,1,1,0,A
0,95.8,90,98,0,1,1,1,0,A
0,97.8,92,91,0,1,1,1,0,A
1,96.8,91,90,0,0,1,1,1,B
1,90.8,85,94,1,1,1,0,0,C
0,93.8,88,84,1,1,1,0,0,C
1,95.8,90,85,1,1,1,0,0,C
0,95.8,90,85,1,1,1,0,0,C
1,95.8,90,82,1,1,1,0,0,C
1,93.8,88,80,0,0,1,0,1,E
1,96.8,91,95,1,1,1,0,0,G
0,97.8,92,92,1,1,1,0,0,G
1,98.8,93,96,1,1,1,0,0,G
1,93.3,99,91,0,0,1,1,1,B
1,91.3,97,82,1,1,1,0,0,C
0,79.7,74,63,0,1,0,0,0,D
0,97.7,92,99,0,0,1,0,1,E
1,89.4,95,93,0,1,1,1,0,A
1,95.6,90,91,0,1,1,1,0,A
0,97.6,92,87,0,1,1,1,0,A
1,95.6,90,90,0,0,1,1,1,B
0,82.4,88,78,1,1,1,0,0,C
1,90.6,85,82,1,1,1,0,0,C
1,92.4,98,93,1,1,1,0,0,C
1,93.4,99,88,1,1,1,0,0,C
1,93.6,88,90,1,1,1,0,0,C
1,95.6,90,90,1,1,1,0,0,C
1,95.6,90,77,1,1,1,0,0,C
1,92.4,98,86,0,1,0,0,0,D
0,95.6,90,83,1,1,1,0,0,G
0,97.6,92,92,1,1,1,0,0,G
1,95.5,90,90,0,1,1,1,0,A
0,96.5,91,80,0,1,1,1,0,A
1,86.5,81,78,0,0,1,1,1,B
0,93.5,99,80,1,1,1,0,0,C
0,86.5,81,75,0,1,0,1,0,F
1,97.5,92,95,0,1,0,1,0,F
0,90.5,96,85,1,1,1,0,0,G
1,89.6,95,87,0,1,1,1,0,A
1,91.4,86,92,0,1,1,1,0,A
1,95.4,90,90,0,1,1,1,0,A
1,88.4,83,98,1,1,1,0,0,C
1,89.4,84,88,1,1,1,0,0,C
1,95.4,90,90,1,1,1,0,0,C
1,79.6,85,71,0,1,0,0,0,D
1,97.4,92,94,0,1,0,0,0,D
1,89.4,84,75,1,1,1,0,0,G
0,90.4,85,78,1,1,1,0,0,G
1,91.4,86,93,1,1,1,0,0,G
0,97.3,92,91,0,1,1,1,0,A
1,95.3,90,91,1,1,1,0,0,C
0,96.3,91,94,1,1,1,0,0,C
0,79.7,85,60,0,1,0,0,0,D
1,85.3,80,75,0,1,0,0,0,D
0,85.3,80,80,0,1,0,1,0,F
1,87.3,82,77,0,1,0,1,0,F
0,92.3,87,73,1,1,1,0,0,G
1,92.3,87,80,1,1,1,0,0,G
0,92.3,87,84,1,1,1,0,0,G
0,93.3,88,85,1,1,1,0,0,G
0,95.3,90,90,1,1,1,0,0,G
1,89.2,84,70,0,1,1,1,0,A
1,89.8,95,93,0,1,1,1,0,A
1,97.2,92,90,0,1,1,1,0,A
0,98.2,93,96,0,1,1,1,0,A
1,90.8,96,77,0,0,1,1,1,B
1,92.8,98,99,1,1,1,0,0,C
1,96.2,91,78,1,1,1,0,0,C
0,91.2,86,76,0,1,0,1,0,F
1,92.2,87,83,0,1,0,1,0,F
0,96.2,91,94,0,1,0,1,0,F
0,97.2,92,86,1,1,1,0,0,G
1,93.9,99,99,0,1,1,1,0,A
0,98.1,93,90,0,1,1,1,0,A
1,93.9,99,94,1,1,1,0,0,C
0,85.1,80,90,0,1,0,1,0,F
0,89.9,95,81,0,1,0,1,0,F
1,91.1,86,75,1,1,1,0,0,G
0,95,90,85,0,1,1,1,0,A
1,85,80,81,0,0,1,1,1,B
1,88,93,87,0,0,1,1,1,B
1,96,91,90,0,0,1,1,1,B
1,98,93,78,0,0,1,1,1,B
1,91,86,91,1,1,1,0,0,C
1,95,90,86,1,1,1,0,0,C
1,96,91,92,1,1,1,0,0,C
0,95,90,85,1,1,1,0,0,G
0,95,90,76,1,1,1,0,0,G
1,94.9,90,90,0,1,1,1,0,A
0,94.9,90,85,0,1,1,1,0,A
1,94.1,99,84,0,0,1,1,1,B
1,94.1,99,94,0,0,1,1,1,B
1,92.9,88,84,1,1,1,0,0,C
1,92.9,88,80,1,1,1,0,0,C
1,94.1,99,91,1,1,1,0,0,C
1,94.9,90,89,1,1,1,0,0,C
1,94.9,90,90,1,1,1,0,0,C
0,73.1,78,66,0,1,0,0,0,D
1,78.1,83,80,0,1,0,0,0,D
1,80.1,85,80,0,0,1,0,1,E
1,84.9,80,70,1,1,1,0,0,G
0,89.9,85,74,1,1,1,0,0,G
1,92.8,88,86,1,1,1,0,0,C
1,84.8,80,80,0,1,0,1,0,F
0,90.8,86,82,1,1,1,0,0,G
0,94.8,90,90,1,1,1,0,0,G
0,92.7,88,90,0,0,1,1,1,B
1,86.3,91,91,1,1,1,0,0,C
1,98.7,94,92,1,1,1,0,0,C
1,95.7,91,96,0,1,0,1,0,F
1,75.6,71,76,0,1,1,1,0,A
1,98.6,94,90,0,1,1,1,0,A
1,92.6,88,80,0,1,0,1,0,F
1,89.6,85,83,1,1,1,0,0,G
0,95.6,91,91,1,1,1,0,0,G
0,97.6,93,95,1,1,1,0,0,G
1,94.5,90,82,1,1,1,0,0,C
1,94.5,99,92,1,1,1,0,0,C
0,94.5,99,92,1,1,1,0,0,C
1,97.5,93,88,0,1,0,1,0,F
0,86.4,82,90,0,1,1,1,0,A
0,96.4,92,83,0,1,1,1,0,A
1,92.6,97,97,1,1,1,0,0,C
0,86.6,91,70,0,1,0,0,0,D
1,91.6,96,84,0,0,1,0,1,E
1,89.4,85,85,1,1,1,0,0,G
1,94.3,90,96,0,1,1,1,0,A
1,96.3,92,92,0,0,1,1,1,B
0,94.3,90,83,0,0,1,0,1,E
1,96.3,92,86,0,0,1,0,1,E
1,90.2,86,81,0,1,1,1,0,A
1,94.8,99,90,0,1,1,1,0,A
1,92.2,88,83,0,0,1,1,1,B
1,86.8,91,67,1,1,1,0,0,C
1,92.2,88,94,1,1,1,0,0,C
1,93.8,98,92,1,1,1,0,0,C
1,95.2,91,85,1,1,1,0,0,C
1,88.8,93,75,0,1,0,1,0,F
1,94.2,90,91,1,1,1,0,0,G
0,91.9,96,80,0,1,1,1,0,A
1,93.9,98,91,0,1,1,1,0,A
1,94.9,99,95,0,1,1,1,0,A
1,87.9,92,75,1,1,1,0,0,C
1,88.1,84,86,1,1,1,0,0,C
1,91.9,96,86,1,1,1,0,0,C
1,89.1,85,80,0,0,1,0,1,E
1,85.1,81,82,0,1,0,1,0,F
0,92.9,97,83,1,1,1,0,0,G
0,94.1,90,81,1,1,1,0,0,G
0,96.1,92,93,1,1,1,0,0,G
0,98.1,94,94,1,1,1,0,0,G
1,88,84,84,0,1,1,1,0,A
1,92,88,75,0,1,1,1,0,A
1,95,99,98,0,1,1,1,0,A
1,88,92,92,1,1,1,0,0,C
1,94,90,87,1,1,1,0,0,C
0,76,80,60,0,1,0,0,0,D
0,76,72,76,0,1,0,0,0,D
1,94,90,92,0,1,0,0,0,D
0,83.9,80,73,0,1,1,1,0,A
1,95.1,99,95,0,1,1,1,0,A
0,96.9,93,92,0,1,1,1,0,A
1,97.9,94,87,0,1,1,1,0,A
1,91.9,88,85,1,1,1,0,0,C
1,93.9,90,76,1,1,1,0,0,C
1,93.9,90,87,1,1,1,0,0,C
0,94.9,91,99,1,1,1,0,0,C
1,97.9,94,99,1,1,1,0,0,C
1,81.1,85,92,0,1,0,1,0,F
0,94.9,91,82,0,1,0,1,0,F
0,80.1,84,70,1,1,1,0,0,G
0,91.9,88,84,1,1,1,0,0,G
1,94.2,98,97,0,1,1,1,0,A
1,91.2,95,86,1,1,1,0,0,C
1,97.8,94,91,1,1,1,0,0,C
0,95.8,92,90,1,1,1,0,0,G
0,95.8,92,96,1,1,1,0,0,G
1,93.7,90,83,0,1,1,1,0,A
0,97.7,94,99,0,1,1,1,0,A
1,95.3,99,94,1,1,1,0,0,C
0,95.3,99,95,1,1,1,0,0,C
1,95.7,92,94,1,1,1,0,0,C
1,95.7,92,88,1,1,1,0,0,C
1,98.7,95,87,1,1,1,0,0,C
1,94.7,91,90,0,0,1,0,1,E
1,91.7,88,75,0,1,0,1,0,F
1,88.6,85,80,0,1,1,1,0,A
0,95.4,99,91,0,1,1,1,0,A
1,95.4,99,98,0,1,1,1,0,A
0,98.6,95,95,0,1,1,1,0,A
1,94.6,91,93,1,1,1,0,0,C
1,95.4,99,93,1,1,1,0,0,C
1,95.4,99,97,1,1,1,0,0,C
1,97.6,94,96,1,1,1,0,0,C
1,78.6,75,84,0,1,0,0,0,D
1,85.6,82,76,0,1,0,1,0,F
0,87.4,91,82,0,1,0,1,0,F
1,97.6,94,93,0,1,0,1,0,F
1,97.6,94,90,0,1,0,1,0,F
1,93.5,90,91,0,0,1,1,1,B
0,81.5,78,81,0,1,0,0,0,D
0,83.5,80,66,0,1,0,0,0,D
0,91.5,95,84,0,0,1,0,1,E
0,94.5,91,80,1,1,1,0,0,G
1,91.4,88,78,0,1,1,1,0,A
0,96.4,93,91,0,1,1,1,0,A
0,97.4,94,90,0,1,1,1,0,A
1,96.4,93,98,0,0,1,1,1,B
0,94.4,91,83,1,1,1,0,0,C
1,95.6,99,98,1,1,1,0,0,C
1,93.6,97,92,0,1,0,1,0,F
1,93.3,90,80,0,0,1,1,1,B
1,93.7,97,92,0,0,1,1,1,B
1,94.3,91,80,0,0,1,1,1,B
1,94.3,91,86,0,0,1,1,1,B
0,87.7,91,80,1,1,1,0,0,C
1,93.3,90,84,1,1,1,0,0,C
1,95.3,92,92,1,1,1,0,0,C
1,95.7,99,94,1,1,1,0,0,C
0,98.3,95,96,1,1,1,0,0,C
0,93.3,90,75,0,1,0,1,0,F
1,88.7,92,82,1,1,1,0,0,G
0,91.8,95,83,0,1,1,1,0,A
1,93.8,97,80,0,1,1,1,0,A
0,94.2,91,84,0,1,1,1,0,A
1,94.2,91,91,0,1,1,1,0,A
1,96.2,93,94,0,1,1,1,0,A
1,97.2,94,99,0,1,1,1,0,A
1,90.2,87,81,1,1,1,0,0,C
1,90.2,87,82,1,1,1,0,0,C
0,77.2,74,63,0,1,0,0,0,D
0,80.2,77,70,0,1,0,0,0,D
1,84.2,81,90,0,1,0,0,0,D
1,87.9,91,85,0,1,1,1,0,A
1,91.9,95,90,0,1,1,1,0,A
1,83.1,80,76,0,0,1,1,1,B
0,91.1,88,81,1,1,1,0,0,C
0,96.1,93,97,1,1,1,0,0,C
1,78.9,82,70,0,1,0,0,0,D
1,91.9,95,91,0,1,0,1,0,F
1,83.9,87,84,1,1,1,0,0,G
0,84.1,81,80,1,1,1,0,0,G
1,93.1,90,88,1,1,1,0,0,G
0,98.1,95,87,1,1,1,0,0,G
0,97,94,85,0,1,1,1,0,A
0,99,96,90,0,1,1,1,0,A
0,96,99,93,0,0,1,1,1,B
1,85,82,96,1,1,1,0,0,C
1,93,90,85,1,1,1,0,0,C
1,96,93,83,1,1,1,0,0,C
0,98,95,85,1,1,1,0,0,C
1,82,85,75,0,1,0,0,0,D
1,83,80,86,0,0,1,0,1,E
0,96,93,92,1,1,1,0,0,G
1,94.1,97,82,0,1,1,1,0,A
1,92.9,90,88,0,0,1,1,1,B
1,96.1,99,94,0,0,1,1,1,B
1,90.9,88,85,1,1,1,0,0,C
1,93.1,96,75,1,1,1,0,0,C
1,94.9,92,99,1,1,1,0,0,C
1,95.9,93,90,1,1,1,0,0,C
1,96.1,99,99,1,1,1,0,0,C
1,96.1,99,90,1,1,1,0,0,C
1,83.9,81,74,0,0,1,0,1,E
1,85.9,83,74,0,1,0,1,0,F
1,93.8,91,86,0,1,1,1,0,A
1,96.2,99,93,0,1,1,1,0,A
1,92.8,90,87,1,1,1,0,0,C
1,96.8,94,91,1,1,1,0,0,C
1,96.8,94,95,1,1,1,0,0,C
1,89.8,87,72,0,1,0,0,0,D
1,94.8,92,88,0,0,1,0,1,E
1,83.8,81,77,0,1,0,1,0,F
1,89.8,87,84,0,1,0,1,0,F
0,93.8,91,92,1,1,1,0,0,G
1,94.8,92,99,1,1,1,0,0,G
0,95.2,98,96,1,1,1,0,0,G
0,93.7,91,90,0,1,1,1,0,A
1,95.3,98,94,0,1,1,1,0,A
0,95.7,93,94,0,1,1,1,0,A
0,96.3,99,91,0,1,1,1,0,A
1,97.7,95,99,0,0,1,1,1,B
0,93.7,91,78,1,1,1,0,0,C
1,94.3,97,99,1,1,1,0,0,C
0,84.3,87,77,0,1,0,1,0,F
1,83.6,81,75,0,1,1,1,0,A
1,96.4,99,97,0,1,1,1,0,A
0,93.6,91,80,1,1,1,0,0,C
1,95.6,93,88,1,1,1,0,0,C
1,95.6,93,88,1,1,1,0,0,C
0,95.6,93,94,1,1,1,0,0,C
1,96.4,99,93,1,1,1,0,0,C
0,96.4,99,93,1,1,1,0,0,C
1,96.6,94,84,0,0,1,0,1,E
1,86.6,84,90,0,1,0,1,0,F
0,92.4,95,97,0,1,0,1,0,F
1,94.6,92,80,0,1,0,1,0,F
0,80.4,83,90,1,1,1,0,0,G
0,96.6,94,92,1,1,1,0,0,G
0,97.6,95,90,1,1,1,0,0,G
1,94.5,92,83,0,1,1,1,0,A
0,98.5,96,94,0,1,1,1,0,A
1,97.5,95,92,1,1,1,0,0,C
1,97.5,95,94,0,1,0,1,0,F
0,93.5,96,85,1,1,1,0,0,G
1,95.4,93,90,0,1,1,1,0,A
0,95.4,93,94,0,1,1,1,0,A
0,96.6,99,92,0,1,1,1,0,A
1,87.4,85,74,0,0,1,1,1,B
1,92.4,90,80,0,0,1,1,1,B
1,93.4,91,95,1,1,1,0,0,C
1,94.4,92,93,1,1,1,0,0,C
0,95.6,98,88,1,1,1,0,0,C
1,96.4,94,98,1,1,1,0,0,C
1,90.6,93,87,0,1,0,1,0,F
1,96.4,94,86,0,1,0,1,0,F
0,87.4,85,80,1,1,1,0,0,G
1,92.3,90,99,0,1,1,1,0,A
1,96.7,99,94,0,1,1,1,0,A
1,96.7,99,99,0,1,1,1,0,A
1,92.7,95,80,1,1,1,0,0,C
1,97.3,95,99,1,1,1,0,0,C
1,97.3,95,85,0,1,0,1,0,F
1,92.7,95,87,1,1,1,0,0,G
1,93.2,91,92,0,1,1,1,0,A
1,93.2,91,80,0,1,1,1,0,A
0,98.2,96,98,0,1,1,1,0,A
1,96.8,99,99,0,0,1,1,1,B
0,96.8,99,92,1,1,1,0,0,C
0,96.8,99,93,0,1,0,1,0,F
0,92.2,90,90,1,1,1,0,0,G
0,96.8,99,97,1,1,1,0,0,G
1,92.1,90,89,0,1,1,1,0,A
1,92.1,90,89,0,1,1,1,0,A
1,97.1,95,97,0,1,1,1,0,A
0,86.1,84,92,0,0,1,1,1,B
0,87.1,85,80,1,1,1,0,0,C
1,89.9,92,80,1,1,1,0,0,C
1,91.9,94,84,1,1,1,0,0,C
1,92.1,90,86,1,1,1,0,0,C
1,93.9,96,86,1,1,1,0,0,C
0,97.1,95,95,1,1,1,0,0,C
1,88.1,86,70,0,0,1,0,1,E
1,90.1,88,74,0,1,0,1,0,F
1,96.9,99,99,0,1,0,1,0,F
1,92,94,81,1,1,1,0,0,C
1,93,91,88,1,1,1,0,0,C
1,97,99,99,0,1,0,0,0,D
1,82,80,67,0,0,1,0,1,E
1,92.1,94,89,0,1,1,1,0,A
1,97.1,99,99,0,1,1,1,0,A
0,87.9,86,95,1,1,1,0,0,C
1,91.9,90,97,1,1,1,0,0,C
0,95.1,97,87,1,1,1,0,0,C
1,90.1,92,92,0,1,0,0,0,D
1,86.9,85,92,0,0,1,0,1,E
1,88.1,90,80,0,1,0,1,0,F
1,95.9,94,95,0,1,0,1,0,F
1,88.2,90,82,0,1,1,1,0,A
1,94.8,93,92,0,1,1,1,0,A
1,97.2,99,90,0,1,1,1,0,A
1,97.2,99,93,0,1,1,1,0,A
1,97.2,99,99,0,1,1,1,0,A
1,86.8,85,75,0,0,1,1,1,B
1,97.2,99,99,0,0,1,1,1,B
1,97.2,99,95,1,1,1,0,0,C
1,94.8,93,96,0,1,0,0,0,D
1,80.2,82,70,0,0,1,0,1,E
1,83.2,85,87,0,0,1,0,1,E
1,81.2,83,84,1,1,1,0,0,G
1,91.7,90,81,0,1,1,1,0,A
1,95.7,94,99,0,1,1,1,0,A
1,91.7,90,83,1,1,1,0,0,C
1,93.3,95,95,1,1,1,0,0,C
0,97.7,96,90,1,1,1,0,0,C
1,82.7,81,90,0,1,0,0,0,D
1,85.4,87,70,0,1,1,1,0,A
1,96.4,98,92,0,1,1,1,0,A
1,97.4,99,99,0,1,1,1,0,A
1,97.4,99,97,0,1,1,1,0,A
1,86.4,88,87,0,0,1,1,1,B
1,90.4,92,84,0,0,1,1,1,B
1,91.6,90,81,1,1,1,0,0,C
1,91.6,90,82,1,1,1,0,0,C
1,91.6,90,78,1,1,1,0,0,C
0,92.4,94,83,1,1,1,0,0,C
1,94.4,96,84,1,1,1,0,0,C
1,94.6,93,86,1,1,1,0,0,C
1,95.4,97,99,1,1,1,0,0,C
1,95.6,94,85,1,1,1,0,0,C
1,97.4,99,97,1,1,1,0,0,C
0,96.4,98,85,1,1,1,0,0,G
1,93.5,95,91,0,1,1,1,0,A
1,97.5,99,95,0,0,1,1,1,B
1,95.5,97,97,1,1,1,0,0,C
1,97.5,99,99,1,1,1,0,0,C
0,90.5,92,84,0,1,0,1,0,F
0,80.5,82,76,1,1,1,0,0,G
1,90.5,92,88,1,1,1,0,0,G
0,93.5,92,76,1,1,1,0,0,G
1,88.6,90,85,0,1,1,1,0,A
1,96.6,98,90,0,1,1,1,0,A
1,97.6,99,91,0,1,1,1,0,A
0,97.6,99,92,0,1,1,1,0,A
1,97.6,99,96,0,1,1,1,0,A
1,97.6,99,92,0,1,1,1,0,A
0,98.4,97,91,0,1,1,1,0,A
1,82.4,81,65,0,0,1,1,1,B
1,92.4,91,86,0,0,1,1,1,B
0,91.6,93,81,1,1,1,0,0,C
1,93.4,92,91,1,1,1,0,0,C
1,95.6,97,99,1,1,1,0,0,C
1,95.6,97,88,1,1,1,0,0,C
1,97.6,99,99,1,1,1,0,0,C
1,82.4,81,77,0,0,1,0,1,E
1,84.4,83,65,0,1,0,1,0,F
1,85.4,84,77,0,1,0,1,0,F
1,88.6,90,80,0,1,0,1,0,F
0,97.6,99,99,1,1,1,0,0,G
1,91.3,90,86,0,1,1,1,0,A
1,96.3,95,92,0,1,1,1,0,A
1,97.7,99,87,0,1,1,1,0,A
1,93.7,95,82,1,1,1,0,0,C
1,97.3,96,99,1,1,1,0,0,C
1,83.3,82,80,0,1,0,0,0,D
0,91.7,93,74,0,0,1,0,1,E
1,92.3,91,90,0,0,1,0,1,E
1,97.7,99,99,0,0,1,0,1,E
1,93.3,92,84,0,1,0,1,0,F
1,99.3,98,96,0,1,0,1,0,F
0,83.2,82,93,0,1,1,1,0,A
1,90.8,92,71,0,1,1,1,0,A
0,99.2,98,99,0,1,1,1,0,A
0,95.8,97,92,0,0,1,1,1,B
1,95.8,97,95,1,1,1,0,0,C
1,88.8,90,93,0,1,0,1,0,F
1,96.8,98,90,0,1,0,1,0,F
1,88.8,90,74,1,1,1,0,0,G
1,91.1,90,80,0,1,1,1,0,A
0,96.1,95,94,0,1,1,1,0,A
0,99.1,98,98,0,1,1,1,0,A
0,99.1,98,97,0,1,1,1,0,A
1,91.9,93,89,0,0,1,1,1,B
0,96.9,98,99,0,0,1,1,1,B
0,91.1,90,81,1,1,1,0,0,C
0,92.9,94,74,1,1,1,0,0,C
1,94.1,93,93,1,1,1,0,0,C
1,92.9,94,94,0,1,0,0,0,D
0,95.1,94,90,0,1,0,0,0,D
0,96.1,95,87,0,1,0,0,0,D
0,96.1,95,86,1,1,1,0,0,G
1,89,90,83,0,1,1,1,0,A
1,94,95,86,0,1,1,1,0,A
1,94,93,90,0,1,1,1,0,A
1,94,93,88,0,1,1,1,0,A
0,96,95,95,0,1,1,1,0,A
0,99,98,93,0,1,1,1,0,A
1,91,92,84,1,1,1,0,0,C
1,76,75,60,0,1,0,0,0,D
1,81,80,82,0,1,0,0,0,D
0,86,85,70,0,0,1,0,1,E
0,94,93,90,0,1,0,1,0,F
1,97,96,87,1,1,1,0,0,G
1,95.1,96,93,0,1,1,1,0,A
1,95.1,96,92,0,1,1,1,0,A
1,96.1,97,99,0,1,1,1,0,A
1,98.1,99,96,0,1,1,1,0,A
0,98.1,99,97,0,1,1,1,0,A
0,98.9,98,96,0,1,1,1,0,A
1,98.1,99,93,0,0,1,1,1,B
1,96.1,97,86,1,1,1,0,0,C
1,98.1,99,93,1,1,1,0,0,C
1,75.9,75,67,0,1,0,0,0,D
1,79.1,80,76,0,1,0,0,0,D
0,81.9,81,76,0,1,0,0,0,D
1,85.1,86,83,0,1,0,0,0,D
1,98.1,99,99,0,1,0,0,0,D
1,94.9,94,82,0,0,1,0,1,E
1,95.9,95,92,0,0,1,0,1,E
1,96.9,96,91,0,1,0,1,0,F
1,98.1,99,99,0,1,0,1,0,F
0,94.2,95,85,0,1,1,1,0,A
0,98.2,99,99,0,1,1,1,0,A
1,98.8,98,94,0,1,1,1,0,A
0,90.8,90,72,1,1,1,0,0,C
0,90.8,90,80,1,1,1,0,0,C
1,91.8,91,99,1,1,1,0,0,C
1,80.8,80,66,0,1,0,0,0,D
0,98.2,99,91,0,0,1,0,1,E
1,97.7,97,93,0,1,1,1,0,A
1,98.3,99,99,0,1,1,1,0,A
0,98.7,98,87,0,0,1,1,1,B
1,90.7,90,71,1,1,1,0,0,C
1,94.3,95,80,1,1,1,0,0,C
1,95.7,95,87,1,1,1,0,0,C
1,97.3,98,90,1,1,1,0,0,C
0,85.3,86,66,0,1,0,0,0,D
1,98.3,99,99,0,1,0,1,0,F
1,93.6,93,96,0,1,1,1,0,A
1,97.6,97,96,0,1,1,1,0,A
0,98.4,99,99,0,1,1,1,0,A
1,95.4,96,86,1,1,1,0,0,C
1,98.4,99,99,1,1,1,0,0,C
1,90.4,91,83,0,0,1,0,1,E
1,91.6,91,80,0,0,1,0,1,E
1,94.4,95,88,0,1,0,1,0,F
0,98.4,99,99,0,1,0,1,0,F
0,94.6,94,90,1,1,1,0,0,G
1,94.5,95,86,0,1,1,1,0,A
0,92.5,92,83,1,1,1,0,0,C
0,96.5,96,97,1,1,1,0,0,C
0,98.5,99,93,1,1,1,0,0,C
0,84.5,84,72,0,1,0,0,0,D
1,90.5,91,82,0,1,0,0,0,D
1,96.5,97,85,0,1,0,1,0,F
0,90.4,90,88,0,1,1,1,0,A
0,94.6,95,84,0,1,1,1,0,A
1,98.6,99,90,0,1,1,1,0,A
1,99.4,99,99,0,1,1,1,0,A
1,99.4,99,96,0,0,1,1,1,B
1,94.4,94,85,1,1,1,0,0,C
1,96.4,96,99,1,1,1,0,0,C
1,97.6,98,99,1,1,1,0,0,C
1,99.4,99,99,1,1,1,0,0,C
1,91.6,92,91,0,1,0,0,0,D
1,90.4,90,80,0,1,0,1,0,F
0,95.4,95,98,1,1,1,0,0,G
1,98.6,99,99,1,1,1,0,0,G
1,95.3,95,90,0,1,1,1,0,A
1,99.3,99,97,0,1,1,1,0,A
1,99.3,99,98,0,1,1,1,0,A
1,90.7,91,82,0,0,1,1,1,B
1,95.7,96,88,1,1,1,0,0,C
1,95.7,96,97,1,1,1,0,0,C
0,97.7,98,96,1,1,1,0,0,C
1,98.7,99,93,1,1,1,0,0,C
0,98.7,99,99,1,1,1,0,0,C
1,81.3,81,73,0,1,0,0,0,D
0,96.7,97,93,0,1,0,0,0,D
1,90.7,91,90,0,1,0,1,0,F
1,91.7,92,85,0,1,0,1,0,F
1,91.7,92,94,0,1,0,1,0,F
1,94.7,95,95,0,1,0,1,0,F
1,96.3,96,90,0,1,0,1,0,F
0,95.3,95,81,1,1,1,0,0,G
1,89.8,90,79,0,1,1,1,0,A
1,89.8,90,76,0,1,1,1,0,A
0,98.8,99,99,0,1,1,1,0,A
0,99.2,99,99,0,1,1,1,0,A
1,87.2,87,87,1,1,1,0,0,C
1,93.2,93,96,1,1,1,0,0,C
1,93.8,94,86,1,1,1,0,0,C
1,94.8,95,82,1,1,1,0,0,C
0,95.2,95,91,1,1,1,0,0,C
1,76.2,76,67,0,1,0,0,0,D
1,94.8,95,84,1,1,1,0,0,G
1,96.8,97,84,1,1,1,0,0,G
0,98.9,99,92,0,1,1,1,0,A
1,98.9,99,99,0,1,1,1,0,A
0,98.9,99,99,0,1,1,1,0,A
0,99.1,99,99,0,1,1,1,0,A
1,99.1,99,99,0,1,1,1,0,A
1,91.1,91,91,0,0,1,1,1,B
1,98.1,98,93,0,0,1,1,1,B
1,89.9,90,76,1,1,1,0,0,C
0,93.9,94,76,1,1,1,0,0,C
0,96.1,96,90,1,1,1,0,0,C
0,98.9,99,98,1,1,1,0,0,C
1,98.9,99,98,1,1,1,0,0,C
1,77.1,77,62,0,1,0,0,0,D
1,89.9,90,80,0,1,0,0,0,D
1,89.9,90,91,0,1,0,0,0,D
1,92.9,93,90,0,1,0,0,0,D
1,98.1,98,97,0,0,1,0,1,E
1,85.9,86,83,0,1,0,1,0,F
0,97.1,97,97,0,1,0,1,0,F
0,91.9,92,76,1,1,1,0,0,G
0,98.9,99,96,1,1,1,0,0,G
0,99.1,99,95,1,1,1,0,0,G
0,97,97,91,0,1,1,1,0,A
1,95,95,96,1,1,1,0,0,C
1,99,99,99,1,1,1,0,0,C
1,94,94,90,0,0,1,0,1,E
1,98,98,97,0,0,1,0,1,E
0,95,95,94,1,1,1,0,0,G
1,97,97,96,1,1,1,0,0,G
