id,sex,gpa,physics,math,art,analytic,construct,electric,mechanic,specialty
1,female,95,75,78,0,1,1,1,0,A
2,female,96,76,80,0,1,1,1,0,A
3,female,91,71,80,1,1,1,0,0,C
4,male,91,71,86,1,1,1,0,0,C
5,female,84,64,73,0,1,0,0,0,D
6,female,88,68,80,0,1,0,0,0,D
7,female,86,66,76,0,0,1,0,1,E
8,female,92,72,72,0,1,0,1,0,F
9,female,93,73,74,0,1,0,1,0,F
10,male,92.9,73,81,1,1,1,0,0,C
11,male,95.9,76,93,1,1,1,0,0,C
12,male,82.9,63,70,0,0,1,0,1,E
13,female,90.9,71,88,0,1,0,1,0,F
14,female,90.8,71,72,0,1,1,1,0,A
15,female,90.8,71,87,0,0,1,1,1,B
16,female,84.8,65,87,1,1,1,0,0,C
17,female,86.8,67,76,0,1,0,0,0,D
18,male,87.8,68,75,0,1,0,1,0,F
19,female,91.8,72,81,0,1,0,1,0,F
20,female,95.8,76,84,1,1,1,0,0,G
21,female,97.8,78,81,1,1,1,0,0,G
22,male,93.7,74,87,0,1,1,1,0,A
23,male,94.7,75,85,0,1,1,1,0,A
24,female,94.7,75,98,0,1,1,1,0,A
25,male,79.7,60,60,0,1,0,0,0,D
26,male,82.7,63,83,0,1,0,0,0,D
27,male,93.7,74,78,0,1,0,0,0,D
28,male,84.7,65,72,0,1,0,1,0,F
29,female,87.6,68,76,0,1,1,1,0,A
30,female,89.6,70,83,0,1,1,1,0,A
31,female,92.6,73,82,0,0,1,1,1,B
32,female,89.6,70,84,0,1,0,0,0,C
33,female,92.6,73,78,1,1,1,0,0,C
34,female,80.6,61,65,0,1,0,0,0,D
35,male,91.6,72,80,0,0,1,0,1,E
36,male,93.5,74,80,0,1,1,1,0,A
37,male,93.5,74,78,0,0,1,1,1,B
38,male,94.5,75,88,1,1,1,0,0,C
39,male,87.5,68,75,0,1,0,0,0,D
40,male,94.5,75,81,0,0,1,0,1,E
41,male,89.5,70,70,0,1,0,1,0,F
42,female,97.5,78,88,0,1,0,1,0,F
43,female,89.5,70,82,1,1,1,0,0,G
44,female,94.5,75,90,1,1,1,0,0,G
45,male,89.4,70,88,0,1,1,1,0,A
46,female,96.4,77,82,0,1,1,1,0,A
47,male,79.4,60,64,0,1,0,0,0,D
48,male,90.4,71,82,0,0,1,0,1,E
49,male,89.4,70,74,0,1,0,1,0,F
50,male,90.4,71,86,1,1,1,0,0,G
51,female,93.4,74,80,1,1,1,0,0,G
52,female,94.4,75,85,1,1,1,0,0,G
53,male,94.3,75,77,0,1,1,1,0,A
54,female,96.3,77,81,0,1,1,1,0,A
55,female,89.3,70,80,0,0,1,1,1,B
56,male,92.3,73,75,0,0,1,1,1,B
57,female,92.3,73,76,0,0,1,1,1,B
58,female,94.3,75,91,0,0,1,1,1,B
59,female,86.3,67,78,0,1,0,0,0,D
60,female,93.2,74,82,0,1,1,1,0,A
61,male,94.2,75,80,0,1,1,1,0,A
62,male,91.2,72,76,0,0,1,1,1,B
63,female,90.2,71,76,0,1,0,0,0,C
64,male,94.2,75,82,1,1,1,0,0,C
65,male,91.2,72,84,0,1,0,0,0,D
66,male,93.2,74,87,0,1,0,0,0,D
67,male,91.2,72,80,0,0,1,0,1,E
68,male,96.2,77,82,1,1,1,0,0,G
69,male,95.1,76,80,0,1,1,1,0,A
70,female,91.1,72,80,1,1,1,0,0,C
71,female,93.1,74,85,0,1,0,0,0,D
72,female,95.1,76,90,0,1,0,0,0,D
73,male,87.1,68,80,0,0,1,0,1,E
74,male,91.1,72,76,0,0,1,0,1,E
75,male,89,70,77,0,1,1,1,0,A
76,female,93,74,73,0,1,1,1,0,A
77,male,93,74,83,1,1,1,0,0,C
78,male,89,70,82,0,1,0,0,0,D
79,male,89,70,82,0,1,0,0,0,D
80,male,95,76,90,0,1,0,1,0,F
81,female,99,80,90,1,1,1,0,0,G
82,female,93.9,75,88,0,1,1,1,0,A
83,male,91.9,73,81,1,1,1,0,0,C
84,female,94.9,76,76,1,1,1,0,0,C
85,male,78.9,60,70,0,1,0,0,0,D
86,male,95.9,77,87,0,0,1,0,1,E
87,female,94.9,76,80,1,1,1,0,0,G
88,male,90.8,72,75,0,1,1,1,0,A
89,male,96.8,78,84,1,1,1,0,0,C
90,male,68.8,50,50,0,1,0,0,0,D
91,male,84.8,66,76,0,0,1,0,1,E
92,male,92.8,74,80,0,0,1,0,1,E
93,female,94.8,76,81,0,0,1,0,1,E
94,male,83.8,65,70,0,1,0,1,0,F
95,male,90.8,72,85,0,1,0,1,0,F
96,male,89.8,71,86,1,1,1,0,0,G
97,female,92.8,74,81,1,1,1,0,0,G
98,female,92.8,74,86,1,1,1,0,0,G
99,female,94.8,76,76,1,1,1,0,0,G
100,female,95.8,77,86,1,1,1,0,0,G
101,female,98.7,80,86,1,1,1,0,0,G
102,male,88.6,70,86,0,1,1,1,0,A
103,male,90.6,72,80,0,1,1,1,0,A
104,male,92.6,74,84,0,1,1,1,0,A
105,male,85.6,67,83,1,1,1,0,0,C
106,male,90.6,72,88,1,1,1,0,0,C
107,male,94.6,76,85,1,1,1,0,0,G
108,male,93.5,75,82,1,1,1,0,0,C
109,male,68.5,50,60,0,1,0,0,0,D
110,female,96.5,78,80,1,1,1,0,0,G
111,male,84.4,66,67,0,1,1,1,0,A
112,male,93.4,75,82,0,0,1,1,1,B
113,male,95.4,77,83,0,0,1,1,1,B
114,male,93.4,75,83,1,1,1,0,0,C
115,male,93.4,75,74,1,1,1,0,0,C
116,female,93.4,75,87,1,1,1,0,0,C
117,female,94.4,76,82,1,1,1,0,0,C
118,female,95.4,77,85,1,1,1,0,0,C
119,female,90.4,72,77,0,0,1,0,1,E
120,male,90.4,72,74,0,0,1,0,1,E
121,male,94.4,76,80,0,1,0,1,0,F
122,male,91.4,73,98,1,1,1,0,0,G
123,male,88.3,70,86,0,1,1,1,0,A
124,female,91.3,73,81,0,1,1,1,0,A
125,male,92.3,74,82,1,1,1,0,0,C
126,male,92.3,74,77,1,1,1,0,0,C
127,male,83.3,65,90,0,1,0,1,0,F
128,female,91.3,73,80,1,1,1,0,0,G
129,female,95.2,77,85,0,1,1,1,0,A
130,male,91.2,73,86,1,1,1,0,0,C
131,female,93.2,75,88,1,1,1,0,0,C
132,female,98.2,80,82,1,1,1,0,0,C
133,male,90.2,72,78,0,0,1,0,1,E
134,female,94.2,76,88,0,0,1,0,1,E
135,male,83.2,65,99,0,1,0,1,0,F
136,female,86.2,68,87,1,1,1,0,0,G
137,male,92.2,74,80,1,1,1,0,0,G
138,female,96.2,78,90,1,1,1,0,0,G
139,female,98.2,80,85,1,1,1,0,0,G
140,male,92.1,74,93,1,1,1,0,0,C
141,female,93.1,75,80,1,1,1,0,0,C
142,male,93.1,75,81,1,1,1,0,0,C
143,male,94.1,76,76,1,1,1,0,0,C
144,female,94.1,76,87,1,1,1,0,0,C
145,female,86.1,68,74,0,1,0,0,0,D
146,male,82.1,64,86,0,0,1,0,1,E
147,female,92.1,74,87,0,1,0,1,0,F
148,female,98.1,80,83,1,1,1,0,0,G
149,female,98.1,80,80,1,1,1,0,0,G
150,female,93,75,78,0,1,1,1,0,A
151,male,98,80,80,0,1,1,1,0,A
152,male,88,70,71,0,0,1,1,1,B
153,male,91,73,78,1,1,1,0,0,C
154,male,93,75,75,0,0,1,0,1,E
155,male,85,67,76,0,1,0,1,0,F
156,female,84.9,67,80,0,1,1,1,0,A
157,male,93.9,76,95,1,1,1,0,0,C
158,male,92.9,75,90,0,1,0,1,0,F
159,female,94.8,77,93,0,1,1,1,0,A
160,male,97.8,80,86,0,0,1,1,1,B
161,male,92.8,75,99,1,1,1,0,0,C
162,male,94.8,77,90,1,1,1,0,0,C
163,female,87.8,70,76,0,1,0,0,0,D
164,female,91.8,74,76,0,0,1,0,1,E
165,female,87.8,70,83,1,1,1,0,0,G
166,female,97.8,80,88,1,1,1,0,0,G
167,male,93.7,76,82,0,0,1,1,1,B
168,female,98.7,81,85,1,1,1,0,0,C
169,male,87.7,70,74,0,1,0,0,0,D
170,male,94.7,77,80,0,0,1,0,1,E
171,female,93.7,76,80,1,1,1,0,0,G
172,male,93.6,76,80,0,1,1,1,0,A
173,female,94.6,77,76,0,1,1,1,0,A
174,female,95.6,78,85,0,1,1,1,0,A
175,male,93.6,76,74,0,0,1,1,1,B
176,male,93.6,76,88,1,1,1,0,0,C
177,male,77.6,60,64,0,1,0,0,0,D
178,female,94.6,77,83,0,1,0,1,0,F
179,male,95.6,78,76,1,1,1,0,0,G
180,male,93.5,76,84,0,1,1,1,0,A
181,female,94.4,77,82,0,1,1,1,0,A
182,female,78.4,61,68,0,1,0,0,0,D
183,female,90.4,73,77,1,1,1,0,0,G
184,male,92.3,75,82,1,1,1,0,0,C
185,female,92.3,75,86,1,1,1,0,0,C
186,male,93.3,76,80,1,1,1,0,0,C
187,male,94.3,77,80,1,1,1,0,0,C
188,male,87.3,70,77,0,0,1,0,1,E
189,female,95.3,78,81,0,0,1,0,1,E
190,male,95.3,78,76,0,0,1,0,1,E
191,female,92.3,75,78,1,1,1,0,0,G
192,female,98.3,81,90,1,1,1,0,0,G
193,female,89.2,72,81,0,1,1,1,0,A
194,male,94.2,77,77,1,1,1,0,0,C
195,female,88.2,71,74,0,1,0,0,0,D
196,female,95.2,78,81,0,1,0,1,0,F
197,female,84.1,67,68,0,1,1,1,0,A
198,female,97.1,80,90,0,1,1,1,0,A
199,male,87.1,70,71,1,1,1,0,0,C
200,male,95.1,78,91,1,1,1,0,0,C
201,female,97.1,80,95,1,1,1,0,0,C
202,male,77.1,60,60,0,1,0,0,0,D
203,female,83.1,66,70,0,1,0,0,0,D
204,male,85.1,68,70,0,1,0,1,0,F
205,male,90.1,73,75,0,1,0,1,0,F
206,female,91,74,86,0,1,1,1,0,A
207,female,91,74,75,1,1,1,0,0,C
208,female,85,68,67,0,1,0,0,0,D
209,male,83,66,80,0,0,1,0,1,E
210,female,93,76,80,0,1,0,1,0,F
211,female,87,70,70,1,1,1,0,0,G
212,female,95,78,90,1,1,1,0,0,G
213,female,87.9,71,99,0,1,1,1,0,A
214,female,88.9,72,84,0,1,1,1,0,A
215,male,91.9,75,85,0,1,1,1,0,A
216,female,96.9,80,82,0,0,1,1,1,B
217,female,86.9,70,78,1,1,1,0,0,C
218,male,91.9,75,78,1,1,1,0,0,C
219,female,94.9,78,80,1,1,1,0,0,C
220,female,90.9,74,74,0,1,0,0,0,D
221,male,86.9,70,72,0,0,1,0,1,E
222,female,87.9,71,84,1,1,1,0,0,G
223,female,97.9,81,78,1,1,1,0,0,G
224,male,91.8,75,74,0,0,1,1,1,B
225,female,91.8,75,73,1,1,1,0,0,C
226,female,88.8,72,70,0,1,0,0,0,D
227,male,89.7,73,90,0,1,1,1,0,A
228,female,81.7,65,75,0,1,0,0,0,D
229,female,82.7,66,80,0,0,1,0,1,E
230,male,90.7,74,80,0,0,1,0,1,E
231,male,86.7,70,75,0,1,0,1,0,F
232,female,86.7,70,85,1,1,1,0,0,G
233,female,96.6,80,90,0,1,1,1,0,A
234,male,82.6,66,87,0,0,1,0,1,E
235,male,84.6,68,81,0,0,1,0,1,E
236,male,92.5,76,80,0,1,1,1,0,A
237,female,96.5,80,90,0,1,1,1,0,A
238,male,91.5,75,94,1,1,1,0,0,C
239,male,94.5,78,90,1,1,1,0,0,C
240,male,86.5,70,76,0,1,0,1,0,F
241,female,96.5,80,90,1,1,1,0,0,G
242,male,94.4,78,83,0,1,1,1,0,A
243,female,97.4,81,90,0,1,1,1,0,A
244,female,98.4,82,89,0,1,1,1,0,A
245,male,90.4,74,90,0,0,1,1,1,B
246,female,86.4,70,73,1,1,1,0,0,C
247,female,87.4,71,76,1,1,1,0,0,C
248,male,76.4,60,71,0,1,0,0,0,D
249,male,76.4,60,77,0,1,0,0,0,D
250,male,88.4,72,85,0,1,0,0,0,D
251,male,96.4,80,85,0,1,0,1,0,F
252,male,89.3,73,88,0,1,1,1,0,A
253,female,87.3,71,73,1,1,1,0,0,C
254,male,94.3,78,82,1,1,1,0,0,C
255,female,79.3,63,60,0,1,0,0,0,D
256,female,84.3,68,67,0,1,0,0,0,D
257,male,92.3,76,91,0,1,0,1,0,F
258,male,92.3,76,74,1,1,1,0,0,G
259,female,94.3,78,84,1,1,1,0,0,G
260,male,96.3,80,93,1,1,1,0,0,G
261,female,98.3,82,97,1,1,1,0,0,G
262,female,81.2,65,91,0,1,1,1,0,A
263,male,94.2,78,80,0,1,1,1,0,A
264,male,96.2,80,84,0,0,1,1,1,B
265,female,88.2,72,86,1,1,1,0,0,C
266,female,90.2,74,77,1,1,1,0,0,C
267,male,94.2,78,81,1,1,1,0,0,C
268,female,96.2,80,99,0,1,0,0,0,D
269,female,96.2,80,81,0,1,0,0,0,D
270,female,91.2,75,74,0,1,0,1,0,F
271,male,91.2,75,84,0,1,0,1,0,F
272,female,93.2,77,81,0,1,0,1,0,F
273,male,89.2,73,76,1,1,1,0,0,G
274,female,96.2,80,88,1,1,1,0,0,G
275,male,89.1,73,81,0,1,1,1,0,A
276,female,96.1,80,93,0,0,1,1,1,B
277,female,92.1,76,93,1,1,1,0,0,C
278,female,97.1,81,86,1,1,1,0,0,C
279,male,77.1,61,84,0,1,0,0,0,D
280,female,81.1,65,74,0,1,0,0,0,D
281,male,90.1,74,85,0,1,0,0,0,D
282,male,93.1,77,85,1,1,1,0,0,G
283,male,94.1,78,80,1,1,1,0,0,G
284,female,89,73,82,0,1,1,1,0,A
285,male,94,78,93,0,1,1,1,0,A
286,female,97,81,87,0,1,1,1,0,A
287,female,93,77,88,0,0,1,1,1,B
288,male,93,77,80,1,1,1,0,0,C
289,female,94,78,85,1,1,1,0,0,C
290,male,96,80,88,1,1,1,0,0,C
291,male,96,80,77,1,1,1,0,0,C
292,male,81,65,65,0,1,0,0,0,D
293,female,87,71,78,0,1,0,1,0,F
294,female,92,76,74,0,1,0,1,0,F
295,female,91,75,73,1,1,1,0,0,G
296,male,91,75,80,1,1,1,0,0,G
297,female,92,76,86,1,1,1,0,0,G
298,female,96,80,85,1,1,1,0,0,G
299,female,91.9,76,83,0,1,1,1,0,A
300,male,98.9,83,82,0,1,1,1,0,A
301,female,88.9,73,83,1,1,1,0,0,C
302,female,95.9,80,80,1,1,1,0,0,C
303,male,86.9,71,80,0,1,0,0,0,D
304,female,93.9,78,74,0,1,0,0,0,D
305,male,85.9,70,71,0,1,0,1,0,F
306,female,85.9,70,92,1,1,1,0,0,G
307,male,89.8,74,84,0,1,1,1,0,A
308,male,95.8,80,85,0,1,1,1,0,A
309,male,95.8,80,81,0,1,1,1,0,A
310,female,95.8,80,92,0,1,1,1,0,A
311,female,96.8,81,90,0,1,1,1,0,A
312,female,95.8,80,80,1,1,1,0,0,C
313,male,97.8,82,82,1,1,1,0,0,C
314,male,85.8,70,70,0,0,1,0,1,E
315,male,87.8,72,70,0,1,0,1,0,F
316,male,91.8,76,83,1,1,1,0,0,G
317,male,83.7,68,82,0,1,1,1,0,A
318,male,87.7,72,74,0,1,1,1,0,A
319,male,95.7,80,81,0,1,1,1,0,A
320,male,95.7,80,88,0,0,1,1,1,B
321,male,91.7,76,80,1,1,1,0,0,C
322,female,95.7,80,90,1,1,1,0,0,C
323,female,96.7,81,80,1,1,1,0,0,C
324,female,97.7,82,92,1,1,1,0,0,C
325,male,79.7,64,77,0,1,0,0,0,D
326,female,91.7,76,92,0,1,0,0,0,D
327,female,92.7,77,76,0,1,0,0,0,D
328,female,95.7,80,90,0,1,0,0,0,D
329,male,83.7,68,70,0,0,1,0,1,E
330,male,92.7,77,82,0,0,1,0,1,E
331,male,83.7,68,97,0,1,0,1,0,F
332,male,88.7,73,81,0,1,0,1,0,F
333,female,95.7,80,84,1,1,1,0,0,G
334,male,90.6,75,75,0,1,1,1,0,A
335,female,90.6,75,83,0,1,1,1,0,A
336,female,95.6,80,93,0,1,1,1,0,A
337,male,91.6,76,74,1,1,1,0,0,C
338,female,95.6,80,85,1,1,1,0,0,C
339,male,96.6,81,86,1,1,1,0,0,C
340,male,97.6,82,93,1,1,1,0,0,C
341,male,85.6,70,67,0,1,0,0,0,D
342,female,96.6,81,86,1,1,1,0,0,G
343,male,92.5,77,87,1,1,1,0,0,C
344,female,97.5,82,91,1,1,1,0,0,C
345,female,96.5,81,84,1,1,1,0,0,G
346,male,88.4,73,70,0,0,1,1,1,B
347,female,89.4,74,90,0,0,1,1,1,B
348,female,92.4,77,84,0,0,1,1,1,B
349,male,96.4,81,80,0,0,1,1,1,B
350,female,90.4,75,81,1,1,1,0,0,C
351,male,95.4,80,80,1,1,1,0,0,C
352,female,79.4,64,62,0,1,0,0,0,D
353,male,91.4,76,80,0,1,0,0,0,D
354,male,93.4,78,83,0,1,0,0,0,D
355,male,95.4,80,80,0,0,1,0,1,E
356,female,95.4,80,93,0,0,1,0,1,E
357,male,89.4,74,70,0,1,0,1,0,F
358,male,91.4,76,85,0,1,0,1,0,F
359,female,95.4,80,80,1,1,1,0,0,G
360,female,96.3,81,90,0,1,1,1,0,A
361,male,93.3,78,75,0,0,1,1,1,B
362,male,87.3,72,82,1,1,1,0,0,C
363,male,96.3,81,77,1,1,1,0,0,C
364,female,83.3,68,80,0,1,0,1,0,F
365,female,98.3,83,91,0,1,0,1,0,F
366,male,87.3,72,80,1,1,1,0,0,G
367,female,95.3,80,91,1,1,1,0,0,G
368,female,98.3,83,90,1,1,1,0,0,G
369,female,91.2,76,80,0,0,1,1,1,B
370,female,92.2,77,81,1,1,1,0,0,C
371,female,95.2,80,80,1,1,1,0,0,C
372,male,89.2,74,76,0,1,0,0,0,D
373,male,81.2,66,68,0,0,1,0,1,E
374,male,83.2,68,72,0,0,1,0,1,E
375,male,97.2,82,85,0,0,1,0,1,E
376,male,85.2,70,80,0,1,0,1,0,F
377,male,90.2,75,71,0,1,0,1,0,F
378,female,96.2,81,88,1,1,1,0,0,G
379,female,97.2,82,90,1,1,1,0,0,G
380,female,93.1,78,76,0,1,1,1,0,A
381,female,95.1,80,82,0,1,1,1,0,A
382,male,93.1,78,75,0,0,1,1,1,B
383,female,89.1,74,78,1,1,1,0,0,C
384,male,90.1,75,80,1,1,1,0,0,C
385,female,92.1,77,83,1,1,1,0,0,C
386,female,85.1,70,67,0,1,0,0,0,D
387,female,89.1,74,85,0,1,0,0,0,D
388,male,86.1,71,85,1,1,1,0,0,G
389,female,93.1,78,86,1,1,1,0,0,G
390,female,96.1,81,83,1,1,1,0,0,G
391,female,98.1,83,90,1,1,1,0,0,G
392,male,89,74,70,0,1,1,1,0,A
393,female,95,80,93,0,1,1,1,0,A
394,female,91,76,85,1,1,1,0,0,C
395,male,97,82,82,1,1,1,0,0,C
396,male,75,60,68,0,1,0,0,0,D
397,female,83,68,75,0,1,0,0,0,D
398,female,95,80,86,1,1,1,0,0,G
399,male,94.9,80,90,0,1,1,1,0,A
400,female,96.9,82,77,0,1,1,1,0,A
401,male,90.9,76,86,1,1,1,0,0,C
402,male,94.9,80,95,1,1,1,0,0,C
403,male,94.9,80,83,1,1,1,0,0,C
404,male,94.9,80,97,1,1,1,0,0,C
405,female,95.9,81,80,1,1,1,0,0,C
406,male,95.9,81,80,1,1,1,0,0,C
407,female,77.9,63,61,0,1,0,0,0,D
408,female,87.9,73,77,0,1,0,0,0,D
409,female,90.9,76,82,0,1,0,1,0,F
410,male,94.9,80,90,0,1,0,1,0,F
411,female,86.9,72,84,1,1,1,0,0,G
412,female,94.9,80,88,1,1,1,0,0,G
413,male,91.8,77,78,0,0,1,1,1,B
414,male,90.8,76,77,1,1,1,0,0,C
415,male,94.8,80,90,1,1,1,0,0,C
416,male,96.8,82,84,1,1,1,0,0,C
417,male,90.8,76,80,0,0,1,0,1,E
418,female,95.8,81,88,1,1,1,0,0,G
419,male,91.7,77,72,0,1,1,1,0,A
420,female,95.7,81,80,0,1,1,1,0,A
421,male,91.7,77,76,1,1,1,0,0,C
422,male,89.7,75,74,0,1,0,0,0,D
423,male,89.7,75,84,0,1,0,1,0,F
424,female,90.7,76,72,0,1,0,1,0,F
425,female,94.7,80,82,1,1,1,0,0,G
426,female,92.6,78,88,0,1,1,1,0,A
427,female,92.6,78,74,0,1,1,1,0,A
428,female,90.6,76,74,1,1,1,0,0,C
429,male,94.6,80,87,1,1,1,0,0,C
430,female,94.6,80,81,1,1,1,0,0,C
431,male,95.6,81,90,1,1,1,0,0,C
432,female,84.6,70,70,0,1,0,0,0,D
433,male,84.6,70,65,0,0,1,0,1,E
434,female,94.5,80,88,0,1,1,1,0,A
435,female,94.5,80,81,0,1,1,1,0,A
436,male,91.5,77,88,1,1,1,0,0,C
437,male,94.5,80,83,1,1,1,0,0,C
438,female,95.5,81,81,1,1,1,0,0,C
439,male,90.5,76,90,0,0,1,0,1,E
440,female,91.5,77,72,0,0,1,0,1,E
441,male,92.5,78,81,0,0,1,0,1,E
442,male,94.5,80,80,0,1,0,1,0,F
443,female,95.5,81,82,1,1,1,0,0,G
444,male,90.4,76,80,0,1,1,1,0,A
445,male,95.4,81,82,1,1,1,0,0,C
446,male,96.4,82,80,1,1,1,0,0,C
447,male,96.4,82,82,1,1,1,0,0,C
448,male,74.4,60,70,0,1,0,0,0,D
449,male,84.4,70,75,0,1,0,0,0,D
450,male,90.4,76,82,0,0,1,0,1,E
451,female,91.3,77,90,0,1,1,1,0,A
452,female,94.3,80,83,0,1,1,1,0,A
453,male,95.3,81,82,0,1,1,1,0,A
454,female,96.3,82,87,0,0,1,1,1,B
455,male,92.3,78,86,1,1,1,0,0,C
456,male,94.3,80,88,1,1,1,0,0,C
457,male,94.3,80,78,0,1,0,1,0,F
458,male,96.3,82,99,0,1,0,1,0,F
459,male,95.3,81,84,1,1,1,0,0,G
460,female,96.3,82,82,1,1,1,0,0,G
461,male,94.2,80,81,0,1,1,1,0,A
462,male,94.2,80,93,0,0,1,1,1,B
463,male,86.2,72,76,1,1,1,0,0,C
464,female,89.2,75,72,1,1,1,0,0,C
465,male,93.2,79,74,1,1,1,0,0,C
466,male,94.2,80,81,1,1,1,0,0,C
467,female,88.2,74,83,0,1,0,0,0,D
468,male,94.2,80,90,0,1,0,0,0,D
469,female,87.2,73,86,0,1,0,1,0,F
470,female,94.2,80,84,0,1,0,1,0,F
471,female,96.2,82,84,1,1,1,0,0,G
472,male,85.1,71,68,0,1,1,1,0,A
473,male,89.1,75,72,0,1,1,1,0,A
474,male,91.1,77,82,0,0,1,1,1,B
475,male,94.1,80,83,0,0,1,1,1,B
476,male,94.1,80,82,1,1,1,0,0,C
477,male,96.1,82,86,1,1,1,0,0,C
478,female,89.1,75,73,0,1,0,0,0,D
479,male,94.1,80,80,0,1,0,0,0,D
480,male,96.1,82,80,0,0,1,0,1,E
481,male,96,82,91,0,1,1,1,0,A
482,female,96,82,87,0,0,1,1,1,B
483,male,94,80,80,0,1,0,0,0,D
484,female,94,80,80,1,1,1,0,0,G
485,female,95,81,95,1,1,1,0,0,G
486,female,93.9,80,85,0,1,1,1,0,A
487,female,85.1,99,71,0,1,0,0,0,D
488,male,83.9,70,93,0,0,1,0,1,E
489,male,89.9,76,76,1,1,1,0,0,G
490,male,89.9,76,85,1,1,1,0,0,G
491,female,96.9,83,85,1,1,1,0,0,G
492,male,87.8,74,75,0,1,1,1,0,A
493,female,88.8,75,78,0,1,1,1,0,A
494,male,91.8,78,81,0,1,1,1,0,A
495,female,94.8,81,90,0,1,1,1,0,A
496,male,95.8,82,90,0,1,1,1,0,A
497,female,97.8,84,93,0,1,1,1,0,A
498,female,93.8,80,80,1,1,1,0,0,C
499,female,94.8,81,80,1,1,1,0,0,C
500,male,94.8,81,82,1,1,1,0,0,C
501,male,96.8,83,83,1,1,1,0,0,C
502,female,80.8,67,65,0,1,0,0,0,D
503,male,83.8,70,68,0,1,0,0,0,D
504,male,81.8,68,75,0,1,0,1,0,F
505,male,86.8,73,75,0,1,0,1,0,F
506,male,93.8,80,80,1,1,1,0,0,G
507,male,81.7,68,65,0,1,1,1,0,A
508,female,90.7,77,90,0,1,1,1,0,A
509,male,91.7,78,81,0,1,1,1,0,A
510,female,93.7,80,85,0,1,1,1,0,A
511,female,94.7,81,85,0,1,1,1,0,A
512,female,91.7,78,78,1,1,1,0,0,C
513,male,88.7,75,72,0,1,0,0,0,D
514,male,85.7,72,75,0,1,0,1,0,F
515,female,89.6,76,71,0,1,1,1,0,A
516,male,90.6,77,82,0,1,1,1,0,A
517,male,93.6,80,81,0,1,1,1,0,A
518,female,93.6,80,77,0,1,1,1,0,A
519,male,94.6,81,82,0,1,1,1,0,A
520,male,82.4,96,87,0,0,1,1,1,B
521,male,93.6,80,81,0,0,1,1,1,B
522,male,95.6,82,85,1,1,1,0,0,C
523,male,83.6,70,94,0,1,0,0,0,D
524,female,83.6,70,83,0,1,0,0,0,D
525,male,83.6,70,75,0,0,1,0,1,E
526,male,93.6,80,81,0,0,1,0,1,E
527,male,83.6,70,80,0,1,0,1,0,F
528,male,88.6,75,94,0,1,0,1,0,F
529,male,89.6,76,81,0,1,0,1,0,F
530,female,94.6,81,81,0,1,0,1,0,F
531,male,97.6,84,80,0,1,0,1,0,F
532,female,93.6,80,77,1,1,1,0,0,G
533,male,93.5,80,78,0,0,1,1,1,B
534,male,83.5,70,83,1,1,1,0,0,C
535,female,95.5,82,84,1,1,1,0,0,C
536,male,87.5,74,91,0,0,1,0,1,E
537,male,93.5,80,82,0,1,0,1,0,F
538,female,95.5,82,86,0,1,0,1,0,F
539,female,93.4,80,83,0,1,1,1,0,A
540,male,96.4,83,80,0,0,1,1,1,B
541,male,84.4,71,66,0,0,1,0,1,E
542,male,89.4,76,74,0,0,1,0,1,E
543,male,95.4,82,87,0,0,1,0,1,E
544,male,86.4,73,72,0,1,0,1,0,F
545,male,87.4,74,84,1,1,1,0,0,G
546,female,91.3,78,77,0,0,1,1,1,B
547,male,91.3,78,81,0,0,1,1,1,B
548,female,93.3,80,90,1,1,1,0,0,C
549,female,98.3,85,90,1,1,1,0,0,C
550,male,84.3,71,83,0,1,0,1,0,F
551,male,95.3,82,90,0,1,0,1,0,F
552,female,91.3,78,82,1,1,1,0,0,G
553,female,93.3,80,80,1,1,1,0,0,G
554,female,90.2,77,82,0,1,1,1,0,A
555,male,86.2,73,80,0,0,1,1,1,B
556,male,91.2,78,80,0,0,1,1,1,B
557,female,93.2,80,86,0,0,1,1,1,B
558,male,90.2,77,80,1,1,1,0,0,C
559,male,93.2,80,84,1,1,1,0,0,C
560,male,81.2,68,72,0,1,0,0,0,D
561,male,87.1,74,82,0,1,1,1,0,A
562,male,87.1,74,87,0,1,1,1,0,A
563,female,93.1,80,75,0,1,1,1,0,A
564,female,95.1,82,88,0,1,1,1,0,A
565,female,96.1,83,80,1,1,1,0,0,G
566,male,86,73,80,0,1,1,1,0,A
567,male,95,82,84,0,1,1,1,0,A
568,male,97,84,82,0,0,1,1,1,B
569,female,91,78,91,1,1,1,0,0,C
570,male,91,78,80,1,1,1,0,0,C
571,female,93,80,88,1,1,1,0,0,C
572,female,95,82,82,1,1,1,0,0,C
573,male,83,70,72,0,1,0,0,0,D
574,male,83,70,72,0,0,1,0,1,E
575,male,96,83,76,0,1,0,1,0,F
576,male,88,75,95,1,1,1,0,0,G
577,male,94,81,90,1,1,1,0,0,G
578,male,93.9,81,90,0,1,1,1,0,A
579,female,95.9,83,84,0,1,1,1,0,A
580,male,97.9,85,90,0,1,1,1,0,A
581,female,92.9,80,84,0,0,1,1,1,B
582,male,93.9,81,80,0,0,1,1,1,B
583,male,96.9,84,93,0,0,1,1,1,B
584,female,87.9,75,92,0,1,0,0,0,C
585,male,92.9,80,87,1,1,1,0,0,C
586,male,92.9,80,77,1,1,1,0,0,C
587,male,92.9,80,81,1,1,1,0,0,C
588,male,92.9,80,87,1,1,1,0,0,C
589,male,83.9,71,75,0,1,0,1,0,F
590,female,85.9,73,78,0,1,0,1,0,F
591,female,90.9,78,76,1,1,1,0,0,G
592,female,92.9,80,82,1,1,1,0,0,G
593,female,97.9,85,86,1,1,1,0,0,G
594,female,87.8,75,71,0,1,1,1,0,A
595,male,92.8,80,75,0,1,1,1,0,A
596,male,95.8,83,82,0,1,1,1,0,A
597,male,90.8,78,88,1,1,1,0,0,C
598,female,92.8,80,77,1,1,1,0,0,C
599,male,99.8,87,81,1,1,1,0,0,C
600,female,82.8,70,72,0,1,0,0,0,D
601,male,89.8,77,80,0,1,0,1,0,F
602,male,97.8,85,87,0,1,0,1,0,F
603,female,94.7,82,83,0,1,1,1,0,A
604,female,78.7,66,77,0,1,0,0,0,D
605,female,86.7,74,76,0,1,0,0,0,D
606,male,83.7,71,67,0,1,0,1,0,F
607,male,87.7,75,84,0,1,0,1,0,F
608,male,94.7,82,86,0,1,0,1,0,F
609,female,94.7,82,92,1,1,1,0,0,G
610,female,95.7,83,82,1,1,1,0,0,G
611,male,94.6,82,75,0,1,1,1,0,A
612,male,96.6,84,88,0,1,1,1,0,A
613,male,93.6,81,80,0,0,1,1,1,B
614,male,92.6,80,81,1,1,1,0,0,C
615,male,88.6,76,70,0,1,0,1,0,F
616,female,96.6,84,93,1,1,1,0,0,G
617,male,92.5,80,81,1,1,1,0,0,C
618,male,86.5,74,70,0,0,1,0,1,E
619,female,89.5,77,81,1,1,1,0,0,G
620,female,89.4,77,97,0,1,1,1,0,A
621,female,96.4,84,82,0,0,1,1,1,B
622,female,82.4,70,84,0,1,0,0,0,C
623,female,92.4,80,85,1,1,1,0,0,C
624,male,92.4,80,82,1,1,1,0,0,C
625,male,93.4,81,84,1,1,1,0,0,C
626,female,93.4,81,93,0,1,0,0,0,C
627,female,82.4,70,73,0,1,0,0,0,D
628,male,87.4,75,76,0,1,0,1,0,F
629,male,90.4,78,91,0,1,0,1,0,F
630,male,92.4,80,80,0,1,0,1,0,F
631,male,92.3,80,84,0,1,1,1,0,A
632,female,92.3,80,80,0,0,1,1,1,B
633,male,88.3,76,81,1,1,1,0,0,C
634,female,98.3,86,91,1,1,1,0,0,C
635,male,86.3,74,88,0,1,0,0,0,D
636,male,98.3,86,93,0,1,0,1,0,F
637,female,95.2,83,82,0,1,1,1,0,A
638,male,93.2,81,93,0,0,1,1,1,B
639,male,98.2,86,86,0,0,1,1,1,B
640,female,95.2,83,96,1,1,1,0,0,C
641,female,98.2,86,87,1,1,1,0,0,C
642,female,89.2,77,77,0,1,0,0,0,D
643,male,84.2,72,78,0,0,1,0,1,E
644,male,82.2,70,80,0,1,0,1,0,F
645,female,92.2,80,75,0,1,0,1,0,F
646,female,94.2,82,82,1,1,1,0,0,G
647,male,89.1,77,81,0,1,1,1,0,A
648,female,92.1,80,81,0,1,1,1,0,A
649,male,94.1,82,90,0,1,1,1,0,A
650,female,96.1,84,87,0,1,1,1,0,A
651,female,96.1,84,81,0,1,1,1,0,A
652,male,87.1,75,86,0,0,1,1,1,B
653,male,96.1,84,87,0,0,1,1,1,B
654,male,93.1,81,85,1,1,1,0,0,C
655,male,93.1,81,86,1,1,1,0,0,C
656,female,93.1,81,75,0,1,0,0,0,C
657,male,94.1,82,75,1,1,1,0,0,C
658,female,96.1,84,86,1,1,1,0,0,C
659,female,97.1,85,87,1,1,1,0,0,C
660,male,78.9,91,80,0,1,0,0,0,D
661,female,95.1,83,88,1,1,1,0,0,G
662,female,97.1,85,78,1,1,1,0,0,G
663,female,97.1,85,81,1,1,1,0,0,G
664,male,87,75,80,0,1,1,1,0,A
665,male,89,77,90,0,1,1,1,0,A
666,male,99,87,96,0,0,1,1,1,B
667,male,92,80,83,1,1,1,0,0,C
668,female,92,80,82,1,1,1,0,0,C
669,female,94,82,82,1,1,1,0,0,C
670,male,90,78,77,0,0,1,0,1,E
671,female,92,80,80,0,1,0,1,0,F
672,male,92,80,85,0,1,0,1,0,F
673,female,94,82,75,1,1,1,0,0,G
674,male,94,82,85,1,1,1,0,0,G
675,male,92.9,81,83,0,1,1,1,0,A
676,female,96.9,85,99,0,1,1,1,0,A
677,female,93.9,82,86,1,1,1,0,0,C
678,male,91.9,80,92,0,1,0,0,0,D
679,male,91.9,80,84,0,0,1,0,1,E
680,female,86.8,75,81,0,1,1,1,0,A
681,female,96.8,85,84,0,1,1,1,0,A
682,male,91.8,80,74,0,0,1,1,1,B
683,male,92.8,81,75,0,0,1,1,1,B
684,male,94.8,83,82,0,0,1,1,1,B
685,male,91.8,80,80,1,1,1,0,0,C
686,male,97.8,86,94,1,1,1,0,0,C
687,female,89.8,78,78,0,1,0,1,0,F
688,male,93.8,82,77,0,1,0,1,0,F
689,male,91.8,80,78,1,1,1,0,0,G
690,female,92.7,81,92,0,1,1,1,0,A
691,female,96.7,85,90,1,1,1,0,0,C
692,female,96.7,85,82,1,1,1,0,0,C
693,male,89.7,78,72,1,1,1,0,0,G
694,male,91.6,80,99,0,1,1,1,0,A
695,male,91.6,80,83,0,1,1,1,0,A
696,female,98.6,87,91,0,1,1,1,0,A
697,male,86.4,98,97,0,0,1,1,1,B
698,male,95.6,84,87,0,0,1,1,1,B
699,male,92.6,81,83,1,1,1,0,0,C
700,male,66.6,55,55,0,1,0,0,0,D
701,male,95.6,84,82,0,0,1,0,1,E
702,female,96.6,85,93,1,1,1,0,0,G
703,male,97.5,86,90,0,1,1,1,0,A
704,male,92.5,81,76,0,0,1,1,1,B
705,male,92.5,81,76,0,0,1,1,1,B
706,male,94.5,83,84,0,0,1,1,1,B
707,female,97.5,86,80,1,1,1,0,0,C
708,male,95.5,84,96,0,1,0,0,0,D
709,female,89.5,78,80,0,1,0,1,0,F
710,female,94.5,83,85,1,1,1,0,0,G
711,male,97.4,86,96,0,1,1,1,0,A
712,male,92.4,81,92,1,1,1,0,0,C
713,male,96.4,85,84,1,1,1,0,0,C
714,male,82.4,71,67,0,1,0,0,0,D
715,male,92.4,81,73,0,1,0,1,0,F
716,female,93.4,82,80,1,1,1,0,0,G
717,female,95.4,84,84,1,1,1,0,0,G
718,male,96.4,85,83,1,1,1,0,0,G
719,female,96.3,85,94,0,1,1,1,0,A
720,male,93.3,82,93,1,1,1,0,0,C
721,male,97.3,86,82,1,1,1,0,0,C
722,female,98.3,87,99,1,1,1,0,0,C
723,male,88.3,77,75,0,1,0,0,0,D
724,male,89.2,78,73,0,1,1,1,0,A
725,male,91.2,80,83,0,1,1,1,0,A
726,female,91.2,80,75,0,1,1,1,0,A
727,female,97.2,86,85,0,1,1,1,0,A
728,female,97.2,86,88,0,1,1,1,0,A
729,male,99.2,88,90,0,0,1,1,1,B
730,male,91.2,80,83,1,1,1,0,0,C
731,male,91.2,80,92,1,1,1,0,0,C
732,female,92.2,81,76,1,1,1,0,0,C
733,female,93.2,82,90,1,1,1,0,0,C
734,female,94.2,83,80,1,1,1,0,0,C
735,female,96.2,85,93,1,1,1,0,0,C
736,male,96.2,85,91,1,1,1,0,0,C
737,female,93.2,82,75,0,1,0,0,0,D
738,female,91.2,80,75,0,0,1,0,1,E
739,male,81.2,70,83,0,1,0,1,0,F
740,female,96.2,85,91,1,1,1,0,0,G
741,male,98.1,87,93,0,1,1,1,0,A
742,male,91.1,80,80,1,1,1,0,0,C
743,male,95.1,84,87,1,1,1,0,0,C
744,male,86.1,75,92,0,1,0,0,0,D
745,male,98.1,87,91,0,1,0,0,0,D
746,male,88.1,77,73,0,0,1,0,1,E
747,male,83.9,95,64,0,1,0,1,0,F
748,female,91.1,80,81,0,1,0,1,0,F
749,female,98.1,87,88,1,1,1,0,0,G
750,male,86,75,67,0,0,1,1,1,B
751,male,97,86,88,0,0,1,1,1,B
752,male,89,78,74,1,1,1,0,0,C
753,female,82,71,62,0,1,0,0,0,D
754,male,95,84,80,0,0,1,0,1,E
755,female,96,85,86,1,1,1,0,0,G
756,female,97,86,93,1,1,1,0,0,G
757,male,90.9,80,97,0,1,1,1,0,A
758,female,95.9,85,85,0,1,1,1,0,A
759,male,90.9,80,90,0,0,1,1,1,B
760,female,91.9,81,80,1,1,1,0,0,C
761,male,86.9,76,71,0,1,0,0,0,D
762,male,90.9,80,74,0,0,1,0,1,E
763,male,94.9,84,90,0,1,0,1,0,F
764,male,90.8,80,88,0,1,1,1,0,A
765,male,98.8,88,97,1,1,1,0,0,C
766,female,94.8,84,75,1,1,1,0,0,G
767,female,97.8,87,92,1,1,1,0,0,G
768,male,90.7,80,76,0,1,1,1,0,A
769,male,91.7,81,80,0,1,1,1,0,A
770,female,95.7,85,90,0,1,1,1,0,A
771,female,94.7,84,83,0,0,1,1,1,B
772,female,91.7,81,73,1,1,1,0,0,C
773,male,94.7,84,85,1,1,1,0,0,C
774,male,88.7,78,83,0,0,1,0,1,E
775,female,86.7,76,70,0,1,0,1,0,F
776,female,91.7,81,80,1,1,1,0,0,G
777,female,85.6,75,72,0,1,1,1,0,A
778,male,94.6,84,87,0,1,1,1,0,A
779,female,87.6,77,75,1,1,1,0,0,C
780,male,91.6,81,93,1,1,1,0,0,C
781,male,92.6,82,86,1,1,1,0,0,C
782,female,94.6,84,76,1,1,1,0,0,C
783,female,97.6,87,85,1,1,1,0,0,C
784,male,91.6,81,73,0,1,0,0,0,D
785,male,88.5,78,84,0,1,1,1,0,A
786,male,94.5,84,90,0,1,1,1,0,A
787,female,95.5,85,88,0,1,1,1,0,A
788,male,90.5,80,88,0,0,1,1,1,B
789,female,94.4,84,90,0,1,1,1,0,A
790,female,96.4,86,80,0,1,1,1,0,A
791,female,98.4,88,93,0,1,1,1,0,A
792,male,91.4,81,74,1,1,1,0,0,C
793,male,91.4,81,80,1,1,1,0,0,C
794,female,92.4,82,91,1,1,1,0,0,C
795,male,93.4,83,83,1,1,1,0,0,C
796,male,95.4,85,80,1,1,1,0,0,C
797,male,97.4,87,91,1,1,1,0,0,C
798,male,91.4,81,90,0,1,0,1,0,F
799,male,92.4,82,80,0,1,0,1,0,F
800,female,90.4,80,90,1,1,1,0,0,G
801,female,94.4,84,92,1,1,1,0,0,G
802,female,94.4,84,86,1,1,1,0,0,G
803,male,95.4,85,91,1,1,1,0,0,G
804,female,97.4,87,90,1,1,1,0,0,G
805,male,95.3,85,80,0,1,1,1,0,A
806,male,95.3,85,90,0,1,1,1,0,A
807,female,95.3,85,96,1,1,1,0,0,C
808,female,86.3,76,80,0,1,0,0,0,D
809,female,92.3,82,83,0,1,0,0,0,D
810,male,82.7,93,91,0,0,1,0,1,E
811,male,94.3,84,83,1,1,1,0,0,G
812,female,97.3,87,94,1,1,1,0,0,G
813,female,90.2,80,99,0,1,1,1,0,A
814,male,92.2,82,84,0,0,1,1,1,B
815,male,90.2,80,85,1,1,1,0,0,C
816,male,92.2,82,93,1,1,1,0,0,C
817,male,92.2,82,80,1,1,1,0,0,C
818,female,96.2,86,85,1,1,1,0,0,C
819,male,98.2,88,88,1,1,1,0,0,C
820,male,83.2,73,85,0,1,0,0,0,D
821,male,81.2,71,72,0,1,0,1,0,F
822,male,82.2,72,70,0,1,0,1,0,F
823,male,84.2,74,65,0,1,0,1,0,F
824,male,91.2,81,91,1,1,1,0,0,G
825,female,92.2,82,93,1,1,1,0,0,G
826,female,97.2,87,90,1,1,1,0,0,G
827,male,87.1,77,74,0,0,1,1,1,B
828,male,94.1,84,90,0,0,1,1,1,B
829,female,93.1,83,80,1,1,1,0,0,C
830,male,86.1,76,70,0,1,0,0,0,D
831,male,81.1,71,86,0,1,0,1,0,F
832,male,88.1,78,87,0,1,0,1,0,F
833,male,90.1,80,96,0,1,0,1,0,F
834,male,92.1,82,86,0,1,0,1,0,F
835,female,93.1,83,74,0,1,0,1,0,F
836,male,93.1,83,81,1,1,1,0,0,G
837,female,90,80,80,0,0,1,1,1,B
838,male,91,81,80,0,0,1,1,1,B
839,male,90,80,80,1,1,1,0,0,C
840,female,91,81,90,1,1,1,0,0,C
841,male,92,82,87,1,1,1,0,0,C
842,female,95,85,92,1,1,1,0,0,C
843,male,78,88,83,0,1,0,0,0,D
844,male,96,86,77,0,1,0,1,0,F
845,male,93,83,82,1,1,1,0,0,G
846,female,96,86,82,1,1,1,0,0,G
847,male,89.9,80,72,0,0,1,1,1,B
848,male,91.9,82,79,0,0,1,1,1,B
849,male,86.9,77,97,1,1,1,0,0,C
850,male,90.9,81,76,1,1,1,0,0,C
851,male,90.9,81,90,1,1,1,0,0,C
852,male,93.9,84,74,1,1,1,0,0,C
853,female,97.9,88,98,1,1,1,0,0,C
854,female,83.9,74,76,0,1,0,0,0,D
855,male,92.9,83,88,0,1,0,1,0,F
856,female,90.9,81,85,1,1,1,0,0,G
857,female,94.9,85,76,1,1,1,0,0,G
858,male,94.8,85,85,0,1,1,1,0,A
859,female,97.8,88,82,0,1,1,1,0,A
860,male,92.8,83,85,0,0,1,1,1,B
861,male,79.8,70,82,0,1,0,0,0,D
862,female,93.8,84,82,0,0,1,0,1,E
863,male,85.8,76,80,0,1,0,1,0,F
864,male,94.7,85,82,0,1,1,1,0,A
865,female,96.7,87,86,0,1,1,1,0,A
866,male,96.7,87,85,0,0,1,1,1,B
867,female,86.7,77,73,0,1,0,1,0,F
868,male,92.7,83,75,0,1,0,1,0,F
869,female,89.7,80,76,1,1,1,0,0,G
870,male,89.6,80,70,0,1,1,1,0,A
871,male,89.6,80,74,0,1,1,1,0,A
872,male,90.6,81,75,0,1,1,1,0,A
873,male,93.6,84,86,0,0,1,1,1,B
874,male,86.6,77,80,1,1,1,0,0,C
875,female,89.6,80,80,1,1,1,0,0,C
876,male,90.6,81,83,1,1,1,0,0,C
877,male,92.6,83,91,1,1,1,0,0,C
878,female,92.6,83,81,1,1,1,0,0,C
879,male,83.6,74,82,0,1,0,1,0,F
880,female,92.6,83,74,1,1,1,0,0,G
881,male,94.6,85,95,1,1,1,0,0,G
882,female,97.6,88,94,1,1,1,0,0,G
883,female,97.5,88,83,0,1,1,1,0,A
884,female,87.5,78,73,0,0,1,1,1,B
885,female,83.5,74,66,0,1,0,0,0,D
886,male,89.5,80,76,0,1,0,0,0,D
887,male,92.5,83,81,0,1,0,1,0,F
888,female,95.5,86,77,1,1,1,0,0,G
889,male,97.5,88,85,1,1,1,0,0,G
890,male,94.4,85,91,0,1,1,1,0,A
891,female,95.4,86,83,0,1,1,1,0,A
892,female,70.4,61,55,0,1,0,0,0,D
893,male,77.4,68,70,0,1,0,0,0,D
894,male,93.4,84,80,0,0,1,0,1,E
895,male,82.4,73,70,0,1,0,1,0,F
896,male,90.4,81,84,0,1,0,1,0,F
897,female,84.3,75,80,0,1,1,1,0,A
898,male,93.3,84,90,0,1,1,1,0,A
899,male,95.3,86,86,0,1,1,1,0,A
900,male,96.3,87,94,0,0,1,1,1,B
901,female,97.3,88,96,0,0,1,1,1,B
902,male,80.7,90,80,1,1,1,0,0,C
903,male,92.3,83,82,1,1,1,0,0,C
904,female,84.3,75,94,1,1,1,0,0,G
905,female,94.3,85,84,1,1,1,0,0,G
906,female,96.3,87,90,1,1,1,0,0,G
907,female,91.2,82,80,0,1,1,1,0,A
908,female,97.2,88,80,0,1,1,1,0,A
909,male,89.2,80,75,0,1,0,1,0,F
910,male,89.8,99,94,0,1,0,1,0,F
911,male,96.2,87,78,0,1,0,1,0,F
912,female,86.2,77,80,1,1,1,0,0,G
913,female,90.2,81,90,1,1,1,0,0,G
914,female,92.2,83,86,1,1,1,0,0,G
915,male,92.1,83,85,0,1,1,1,0,A
916,male,90.1,81,90,1,1,1,0,0,C
917,male,74.1,65,55,0,1,0,0,0,D
918,male,80.1,71,65,0,1,0,0,0,D
919,female,85.1,76,74,0,1,0,0,0,D
920,male,84.1,75,67,0,1,0,1,0,F
921,male,91.1,82,90,0,1,0,1,0,F
922,male,91.1,82,82,0,1,0,1,0,F
923,male,89.9,99,93,1,1,1,0,0,G
924,female,97.1,88,91,1,1,1,0,0,G
925,male,92,83,78,0,1,1,1,0,A
926,male,92,83,80,0,0,1,1,1,B
927,male,95,86,93,1,1,1,0,0,C
928,male,95,86,88,1,1,1,0,0,C
929,male,96,87,78,1,1,1,0,0,C
930,male,82,73,75,0,1,0,0,0,D
931,female,89,80,80,1,1,1,0,0,G
932,male,85.9,77,67,0,1,1,1,0,A
933,male,88.9,80,78,0,1,1,1,0,A
934,female,82.9,74,76,0,1,0,0,0,C
935,male,90.9,82,93,1,1,1,0,0,C
936,female,93.9,85,80,1,1,1,0,0,C
937,male,79.9,71,70,0,1,0,0,0,D
938,male,90.1,99,90,0,0,1,0,1,E
939,female,84.9,76,90,0,1,0,1,0,F
940,female,88.9,80,90,1,1,1,0,0,G
941,female,89.9,81,83,1,1,1,0,0,G
942,female,91.9,83,81,1,1,1,0,0,G
943,female,98.8,90,92,0,1,1,1,0,A
944,female,91.8,83,92,1,1,1,0,0,C
945,female,92.8,84,77,1,1,1,0,0,C
946,male,96.8,88,84,1,1,1,0,0,C
947,female,95.8,87,90,0,1,0,1,0,F
948,female,93.8,85,80,1,1,1,0,0,G
949,female,94.8,86,90,1,1,1,0,0,G
950,male,89.7,81,86,0,1,1,1,0,A
951,male,90.7,82,80,0,1,1,1,0,A
952,female,95.7,87,83,0,1,1,1,0,A
953,female,98.7,90,93,0,1,1,1,0,A
954,male,90.3,99,92,0,0,1,1,1,B
955,male,94.7,86,86,1,1,1,0,0,C
956,male,78.7,70,75,0,1,0,0,0,D
957,male,90.7,82,72,0,0,1,0,1,E
958,male,90.7,82,78,0,1,0,1,0,F
959,male,95.7,87,77,1,1,1,0,0,G
960,female,92.6,84,83,0,1,1,1,0,A
961,female,95.6,87,97,0,1,1,1,0,A
962,female,95.6,87,85,0,1,1,1,0,A
963,male,88.6,80,74,0,0,1,1,1,B
964,male,91.6,83,73,1,1,1,0,0,C
965,male,95.6,87,99,1,1,1,0,0,C
966,male,95.6,87,93,1,1,1,0,0,C
967,male,96.6,88,88,1,1,1,0,0,C
968,female,92.6,84,83,0,1,0,0,0,D
969,male,93.6,85,92,0,1,0,1,0,F
970,male,88.5,80,71,0,0,1,1,1,B
971,male,93.5,85,88,1,1,1,0,0,C
972,male,96.5,88,90,0,1,0,1,0,F
973,female,92.5,84,74,1,1,1,0,0,G
974,male,91.4,83,84,0,1,1,1,0,A
975,female,93.4,85,91,0,1,1,1,0,A
976,female,93.4,85,77,0,0,1,1,1,B
977,female,94.4,86,82,0,0,1,1,1,B
978,male,89.4,81,88,1,1,1,0,0,C
979,male,89.4,81,86,1,1,1,0,0,C
980,male,94.4,86,82,1,1,1,0,0,C
981,female,91.4,83,81,0,1,0,1,0,F
982,male,93.3,85,91,0,1,1,1,0,A
983,male,95.3,87,83,0,0,1,1,1,B
984,male,79.3,71,60,0,1,0,0,0,D
985,male,88.3,80,81,0,1,0,1,0,F
986,female,94.3,86,76,1,1,1,0,0,G
987,female,91.2,83,82,0,1,1,1,0,A
988,male,88.2,80,84,0,0,1,1,1,B
989,male,93.2,85,90,1,1,1,0,0,C
990,female,93.2,85,85,1,1,1,0,0,C
991,female,94.2,86,85,1,1,1,0,0,C
992,female,82.2,74,80,0,1,0,0,0,D
993,male,83.2,75,91,0,0,1,0,1,E
994,male,92.2,84,95,0,1,0,1,0,F
995,female,88.1,80,83,0,0,1,1,1,B
996,male,90.9,99,73,0,0,1,0,1,E
997,female,90.9,99,74,0,1,0,1,0,F
998,female,98.1,90,83,1,1,1,0,0,G
999,male,95,87,82,0,1,1,1,0,A
1000,female,93,85,86,1,1,1,0,0,C
1001,male,96,88,93,1,1,1,0,0,C
1002,female,98,90,93,1,1,1,0,0,C
1003,male,89,81,72,0,1,0,0,0,D
1004,male,86,94,83,0,0,1,0,1,E
1005,male,93,85,75,0,1,0,1,0,F
1006,male,87.9,80,87,0,1,1,1,0,A
1007,male,94.9,87,75,0,1,1,1,0,A
1008,female,91.1,99,84,1,1,1,0,0,C
1009,male,85.9,78,73,0,0,1,0,1,E
1010,male,90.1,98,84,0,0,1,0,1,E
1011,male,87.9,80,78,1,1,1,0,0,G
1012,female,97.9,90,99,1,1,1,0,0,G
1013,female,98.8,91,91,0,1,1,1,0,A
1014,female,91.8,84,85,1,1,1,0,0,C
1015,male,92.8,85,82,1,1,1,0,0,C
1016,male,92.8,85,81,1,1,1,0,0,C
1017,male,93.8,86,75,1,1,1,0,0,C
1018,male,84.8,77,66,0,1,0,0,0,D
1019,male,83.8,76,75,0,0,1,0,1,E
1020,male,95.8,88,81,0,1,0,1,0,F
1021,male,84.8,77,84,1,1,1,0,0,G
1022,male,92.8,85,80,1,1,1,0,0,G
1023,male,91.7,84,78,0,1,1,1,0,A
1024,male,93.7,86,82,0,1,1,1,0,A
1025,male,97.7,90,97,0,1,1,1,0,A
1026,male,87.7,80,75,0,0,1,1,1,B
1027,male,91.3,99,90,0,0,1,1,1,B
1028,male,95.7,88,84,0,0,1,1,1,B
1029,male,90.7,83,88,1,1,1,0,0,C
1030,male,91.3,99,73,1,1,1,0,0,C
1031,male,91.7,84,81,1,1,1,0,0,C
1032,male,78.7,71,63,0,1,0,0,0,D
1033,male,93.7,86,91,0,1,0,1,0,F
1034,male,88.6,81,90,0,1,1,1,0,A
1035,female,92.6,85,82,0,1,1,1,0,A
1036,male,91.6,84,90,1,1,1,0,0,C
1037,male,92.6,85,80,1,1,1,0,0,C
1038,male,93.6,86,92,1,1,1,0,0,C
1039,female,90.6,83,71,0,1,0,1,0,F
1040,female,97.6,90,86,1,1,1,0,0,G
1041,female,95.5,88,77,0,1,1,1,0,A
1042,male,87.5,80,70,0,1,0,0,0,D
1043,female,92.5,85,80,0,0,1,0,1,E
1044,male,92.5,85,75,0,1,0,1,0,F
1045,male,98.4,91,97,0,1,1,1,0,A
1046,male,92.4,85,86,1,1,1,0,0,C
1047,male,95.4,88,92,1,1,1,0,0,C
1048,female,95.4,88,88,0,1,0,0,0,D
1049,male,82.6,90,67,0,0,1,0,1,E
1050,male,91.4,84,84,0,0,1,0,1,E
1051,male,87.6,95,89,0,1,0,1,0,F
1052,female,98.4,91,86,1,1,1,0,0,G
1053,male,91.3,84,81,0,1,1,1,0,A
1054,male,91.3,84,84,0,1,1,1,0,A
1055,female,98.3,91,93,0,1,1,1,0,A
1056,male,93.3,86,95,1,1,1,0,0,C
1057,female,93.3,86,80,1,1,1,0,0,C
1058,male,95.3,88,86,1,1,1,0,0,C
1059,female,95.3,88,81,1,1,1,0,0,C
1060,female,93.3,86,84,1,1,1,0,0,G
1061,female,97.3,90,90,1,1,1,0,0,G
1062,male,88.8,96,94,0,1,1,1,0,A
1063,male,87.2,80,87,1,1,1,0,0,C
1064,male,87.2,80,76,0,1,0,1,0,F
1065,male,87.2,80,80,0,1,0,1,0,F
1066,female,97.1,90,85,0,1,1,1,0,A
1067,male,98.1,91,97,0,1,1,1,0,A
1068,male,94.1,87,96,1,1,1,0,0,C
1069,female,83.1,76,74,0,0,1,0,1,E
1070,male,88.1,81,80,0,1,0,1,0,F
1071,female,93,86,77,0,1,1,1,0,A
1072,male,93,86,92,0,1,1,1,0,A
1073,female,92,85,82,1,1,1,0,0,C
1074,male,88,81,70,0,0,1,0,1,E
1075,male,92,85,88,1,1,1,0,0,G
1076,male,94.9,88,94,0,1,1,1,0,A
1077,male,88.1,95,90,1,1,1,0,0,C
1078,male,89.9,83,80,1,1,1,0,0,C
1079,male,91.9,85,81,1,1,1,0,0,C
1080,male,92.9,86,79,1,1,1,0,0,C
1081,male,93.9,87,87,1,1,1,0,0,C
1082,female,97.9,91,86,1,1,1,0,0,C
1083,female,97.9,91,91,1,1,1,0,0,G
1084,female,90.8,84,91,0,1,1,1,0,A
1085,male,96.8,90,77,0,1,1,1,0,A
1086,male,96.8,90,86,0,1,1,1,0,A
1087,female,97.8,91,92,0,0,1,1,1,B
1088,male,88.8,82,83,1,1,1,0,0,C
1089,male,88.8,82,76,1,1,1,0,0,C
1090,male,94.8,88,90,1,1,1,0,0,C
1091,male,74.8,68,77,0,1,0,0,0,D
1092,male,84.2,91,74,0,0,1,0,1,E
1093,female,97.8,91,94,1,1,1,0,0,G
1094,female,94.7,88,90,0,1,1,1,0,A
1095,female,97.7,91,90,0,1,1,1,0,A
1096,male,93.7,87,92,0,0,1,1,1,B
1097,male,91.7,85,85,1,1,1,0,0,C
1098,male,97.7,91,91,1,1,1,0,0,C
1099,female,97.7,91,85,1,1,1,0,0,C
1100,female,83.3,90,66,0,1,0,0,0,D
1101,male,88.7,82,75,0,0,1,0,1,E
1102,male,91.7,85,83,0,0,1,0,1,E
1103,male,88.7,82,91,0,1,0,1,0,F
1104,male,88.6,82,86,1,1,1,0,0,C
1105,male,92.6,86,80,1,1,1,0,0,C
1106,male,97.6,91,93,1,1,1,0,0,C
1107,female,83.6,77,80,0,1,0,0,0,D
1108,female,89.4,96,83,0,1,0,0,0,D
1109,male,93.6,87,80,0,0,1,0,1,E
1110,male,87.6,81,90,0,1,0,1,0,F
1111,female,98.6,92,96,1,1,1,0,0,G
1112,female,93.5,87,92,1,1,1,0,0,C
1113,male,97.5,91,84,1,1,1,0,0,C
1114,female,91.5,85,93,1,1,1,0,0,G
1115,female,91.4,85,72,0,1,1,1,0,A
1116,female,93.4,87,92,0,1,1,1,0,A
1117,male,96.4,90,94,0,1,1,1,0,A
1118,male,83.4,77,80,1,1,1,0,0,C
1119,female,91.4,85,83,1,1,1,0,0,C
1120,female,91.4,85,82,1,1,1,0,0,C
1121,male,96.4,90,80,1,1,1,0,0,C
1122,male,83.3,77,84,0,1,1,1,0,A
1123,male,92.3,86,85,0,1,1,1,0,A
1124,male,94.3,88,97,0,1,1,1,0,A
1125,male,97.3,91,90,0,1,1,1,0,A
1126,male,96.3,90,95,0,0,1,1,1,B
1127,male,75.7,82,71,0,1,0,0,0,D
1128,male,86.3,80,67,0,0,1,0,1,E
1129,male,96.2,90,90,0,1,1,1,0,A
1130,male,97.2,91,94,1,1,1,0,0,C
1131,male,76.2,70,62,0,1,0,0,0,D
1132,female,91.2,85,83,1,1,1,0,0,G
1133,female,94.2,88,92,1,1,1,0,0,G
1134,male,86.1,80,85,0,1,1,1,0,A
1135,male,96.1,90,93,0,1,1,1,0,A
1136,male,96.1,90,88,0,1,1,1,0,A
1137,male,92.1,86,99,1,1,1,0,0,C
1138,female,96.1,90,92,1,1,1,0,0,C
1139,male,97.1,91,90,1,1,1,0,0,C
1140,female,79.1,73,72,0,1,0,0,0,D
1141,male,93.1,87,88,0,0,1,0,1,E
1142,male,90.1,84,85,0,1,0,1,0,F
1143,male,92.1,86,87,0,1,0,1,0,F
1144,female,97.1,91,80,0,1,0,1,0,F
1145,female,88.1,82,85,1,1,1,0,0,G
1146,male,92.9,99,88,1,1,1,0,0,G
1147,male,97.1,91,92,1,1,1,0,0,G
1148,female,91,85,76,0,0,1,1,1,B
1149,male,90,84,82,1,1,1,0,0,C
1150,male,93,99,85,1,1,1,0,0,C
1151,female,97,91,91,1,1,1,0,0,C
1152,male,98,92,96,1,1,1,0,0,C
1153,male,93,99,95,0,1,0,1,0,F
1154,female,86,80,90,1,1,1,0,0,G
1155,male,95.9,90,85,0,1,1,1,0,A
1156,female,96.9,91,80,0,1,1,1,0,A
1157,female,97.9,92,88,0,1,1,1,0,A
1158,male,85.9,80,90,0,0,1,1,1,B
1159,male,91.9,86,88,1,1,1,0,0,C
1160,male,91.9,86,91,1,1,1,0,0,C
1161,male,92.1,98,92,1,1,1,0,0,C
1162,male,93.9,88,93,1,1,1,0,0,C
1163,female,96.9,91,93,1,1,1,0,0,C
1164,male,97.9,92,94,1,1,1,0,0,C
1165,female,80.9,75,64,0,1,0,0,0,D
1166,male,97.9,92,94,0,0,1,0,1,E
1167,female,89.1,95,85,0,1,0,1,0,F
1168,male,96.9,91,90,1,1,1,0,0,G
1169,male,93.2,99,93,0,1,1,1,0,A
1170,female,95.8,90,98,0,1,1,1,0,A
1171,female,97.8,92,91,0,1,1,1,0,A
1172,male,96.8,91,90,0,0,1,1,1,B
1173,male,90.8,85,94,1,1,1,0,0,C
1174,female,93.8,88,84,1,1,1,0,0,C
1175,male,95.8,90,85,1,1,1,0,0,C
1176,female,95.8,90,85,1,1,1,0,0,C
1177,male,95.8,90,82,1,1,1,0,0,C
1178,male,93.8,88,80,0,0,1,0,1,E
1179,male,96.8,91,95,1,1,1,0,0,G
1180,female,97.8,92,92,1,1,1,0,0,G
1181,male,98.8,93,96,1,1,1,0,0,G
1182,male,93.3,99,91,0,0,1,1,1,B
1183,male,91.3,97,82,1,1,1,0,0,C
1184,female,79.7,74,63,0,1,0,0,0,D
1185,female,97.7,92,99,0,0,1,0,1,E
1186,male,89.4,95,93,0,1,1,1,0,A
1187,male,95.6,90,91,0,1,1,1,0,A
1188,female,97.6,92,87,0,1,1,1,0,A
1189,male,95.6,90,90,0,0,1,1,1,B
1190,female,82.4,88,78,1,1,1,0,0,C
1191,male,90.6,85,82,1,1,1,0,0,C
1192,male,92.4,98,93,1,1,1,0,0,C
1193,male,93.4,99,88,1,1,1,0,0,C
1194,male,93.6,88,90,1,1,1,0,0,C
1195,male,95.6,90,90,1,1,1,0,0,C
1196,male,95.6,90,77,1,1,1,0,0,C
1197,male,92.4,98,86,0,1,0,0,0,D
1198,female,95.6,90,83,1,1,1,0,0,G
1199,female,97.6,92,92,1,1,1,0,0,G
1200,male,95.5,90,90,0,1,1,1,0,A
1201,female,96.5,91,80,0,1,1,1,0,A
1202,male,86.5,81,78,0,0,1,1,1,B
1203,female,93.5,99,80,1,1,1,0,0,C
1204,female,86.5,81,75,0,1,0,1,0,F
1205,male,97.5,92,95,0,1,0,1,0,F
1206,female,90.5,96,85,1,1,1,0,0,G
1207,male,89.6,95,87,0,1,1,1,0,A
1208,male,91.4,86,92,0,1,1,1,0,A
1209,male,95.4,90,90,0,1,1,1,0,A
1210,male,88.4,83,98,1,1,1,0,0,C
1211,male,89.4,84,88,1,1,1,0,0,C
1212,male,95.4,90,90,1,1,1,0,0,C
1213,male,79.6,85,71,0,1,0,0,0,D
1214,male,97.4,92,94,0,1,0,0,0,D
1215,male,89.4,84,75,1,1,1,0,0,G
1216,female,90.4,85,78,1,1,1,0,0,G
1217,male,91.4,86,93,1,1,1,0,0,G
1218,female,97.3,92,91,0,1,1,1,0,A
1219,male,95.3,90,91,1,1,1,0,0,C
1220,female,96.3,91,94,1,1,1,0,0,C
1221,female,79.7,85,60,0,1,0,0,0,D
1222,male,85.3,80,75,0,1,0,0,0,D
1223,female,85.3,80,80,0,1,0,1,0,F
1224,male,87.3,82,77,0,1,0,1,0,F
1225,female,92.3,87,73,1,1,1,0,0,G
1226,male,92.3,87,80,1,1,1,0,0,G
1227,female,92.3,87,84,1,1,1,0,0,G
1228,female,93.3,88,85,1,1,1,0,0,G
1229,female,95.3,90,90,1,1,1,0,0,G
1230,male,89.2,84,70,0,1,1,1,0,A
1231,male,89.8,95,93,0,1,1,1,0,A
1232,male,97.2,92,90,0,1,1,1,0,A
1233,female,98.2,93,96,0,1,1,1,0,A
1234,male,90.8,96,77,0,0,1,1,1,B
1235,male,92.8,98,99,1,1,1,0,0,C
1236,male,96.2,91,78,1,1,1,0,0,C
1237,female,91.2,86,76,0,1,0,1,0,F
1238,male,92.2,87,83,0,1,0,1,0,F
1239,female,96.2,91,94,0,1,0,1,0,F
1240,female,97.2,92,86,1,1,1,0,0,G
1241,male,93.9,99,99,0,1,1,1,0,A
1242,female,98.1,93,90,0,1,1,1,0,A
1243,male,93.9,99,94,1,1,1,0,0,C
1244,female,85.1,80,90,0,1,0,1,0,F
1245,female,89.9,95,81,0,1,0,1,0,F
1246,male,91.1,86,75,1,1,1,0,0,G
1247,female,95,90,85,0,1,1,1,0,A
1248,male,85,80,81,0,0,1,1,1,B
1249,male,88,93,87,0,0,1,1,1,B
1250,male,96,91,90,0,0,1,1,1,B
1251,male,98,93,78,0,0,1,1,1,B
1252,male,91,86,91,1,1,1,0,0,C
1253,male,95,90,86,1,1,1,0,0,C
1254,male,96,91,92,1,1,1,0,0,C
1255,female,95,90,85,1,1,1,0,0,G
1256,female,95,90,76,1,1,1,0,0,G
1257,male,94.9,90,90,0,1,1,1,0,A
1258,female,94.9,90,85,0,1,1,1,0,A
1259,male,94.1,99,84,0,0,1,1,1,B
1260,male,94.1,99,94,0,0,1,1,1,B
1261,male,92.9,88,84,1,1,1,0,0,C
1262,male,92.9,88,80,1,1,1,0,0,C
1263,male,94.1,99,91,1,1,1,0,0,C
1264,male,94.9,90,89,1,1,1,0,0,C
1265,male,94.9,90,90,1,1,1,0,0,C
1266,female,73.1,78,66,0,1,0,0,0,D
1267,male,78.1,83,80,0,1,0,0,0,D
1268,male,80.1,85,80,0,0,1,0,1,E
1269,male,84.9,80,70,1,1,1,0,0,G
1270,female,89.9,85,74,1,1,1,0,0,G
1271,male,92.8,88,86,1,1,1,0,0,C
1272,male,84.8,80,80,0,1,0,1,0,F
1273,female,90.8,86,82,1,1,1,0,0,G
1274,female,94.8,90,90,1,1,1,0,0,G
1275,female,92.7,88,90,0,0,1,1,1,B
1276,male,86.3,91,91,1,1,1,0,0,C
1277,male,98.7,94,92,1,1,1,0,0,C
1278,male,95.7,91,96,0,1,0,1,0,F
1279,male,75.6,71,76,0,1,1,1,0,A
1280,male,98.6,94,90,0,1,1,1,0,A
1281,male,92.6,88,80,0,1,0,1,0,F
1282,male,89.6,85,83,1,1,1,0,0,G
1283,female,95.6,91,91,1,1,1,0,0,G
1284,female,97.6,93,95,1,1,1,0,0,G
1285,male,94.5,90,82,1,1,1,0,0,C
1286,male,94.5,99,92,1,1,1,0,0,C
1287,female,94.5,99,92,1,1,1,0,0,C
1288,male,97.5,93,88,0,1,0,1,0,F
1289,female,86.4,82,90,0,1,1,1,0,A
1290,female,96.4,92,83,0,1,1,1,0,A
1291,male,92.6,97,97,1,1,1,0,0,C
1292,female,86.6,91,70,0,1,0,0,0,D
1293,male,91.6,96,84,0,0,1,0,1,E
1294,male,89.4,85,85,1,1,1,0,0,G
1295,male,94.3,90,96,0,1,1,1,0,A
1296,male,96.3,92,92,0,0,1,1,1,B
1297,female,94.3,90,83,0,0,1,0,1,E
1298,male,96.3,92,86,0,0,1,0,1,E
1299,male,90.2,86,81,0,1,1,1,0,A
1300,male,94.8,99,90,0,1,1,1,0,A
1301,male,92.2,88,83,0,0,1,1,1,B
1302,male,86.8,91,67,1,1,1,0,0,C
1303,male,92.2,88,94,1,1,1,0,0,C
1304,male,93.8,98,92,1,1,1,0,0,C
1305,male,95.2,91,85,1,1,1,0,0,C
1306,male,88.8,93,75,0,1,0,1,0,F
1307,male,94.2,90,91,1,1,1,0,0,G
1308,female,91.9,96,80,0,1,1,1,0,A
1309,male,93.9,98,91,0,1,1,1,0,A
1310,male,94.9,99,95,0,1,1,1,0,A
1311,male,87.9,92,75,1,1,1,0,0,C
1312,male,88.1,84,86,1,1,1,0,0,C
1313,male,91.9,96,86,1,1,1,0,0,C
1314,male,89.1,85,80,0,0,1,0,1,E
1315,male,85.1,81,82,0,1,0,1,0,F
1316,female,92.9,97,83,1,1,1,0,0,G
1317,female,94.1,90,81,1,1,1,0,0,G
1318,female,96.1,92,93,1,1,1,0,0,G
1319,female,98.1,94,94,1,1,1,0,0,G
1320,male,88,84,84,0,1,1,1,0,A
1321,male,92,88,75,0,1,1,1,0,A
1322,male,95,99,98,0,1,1,1,0,A
1323,male,88,92,92,1,1,1,0,0,C
1324,male,94,90,87,1,1,1,0,0,C
1325,female,76,80,60,0,1,0,0,0,D
1326,female,76,72,76,0,1,0,0,0,D
1327,male,94,90,92,0,1,0,0,0,D
1328,female,83.9,80,73,0,1,1,1,0,A
1329,male,95.1,99,95,0,1,1,1,0,A
1330,female,96.9,93,92,0,1,1,1,0,A
1331,male,97.9,94,87,0,1,1,1,0,A
1332,male,91.9,88,85,1,1,1,0,0,C
1333,male,93.9,90,76,1,1,1,0,0,C
1334,male,93.9,90,87,1,1,1,0,0,C
1335,female,94.9,91,99,1,1,1,0,0,C
1336,male,97.9,94,99,1,1,1,0,0,C
1337,male,81.1,85,92,0,1,0,1,0,F
1338,female,94.9,91,82,0,1,0,1,0,F
1339,female,80.1,84,70,1,1,1,0,0,G
1340,female,91.9,88,84,1,1,1,0,0,G
1341,male,94.2,98,97,0,1,1,1,0,A
1342,male,91.2,95,86,1,1,1,0,0,C
1343,male,97.8,94,91,1,1,1,0,0,C
1344,female,95.8,92,90,1,1,1,0,0,G
1345,female,95.8,92,96,1,1,1,0,0,G
1346,male,93.7,90,83,0,1,1,1,0,A
1347,female,97.7,94,99,0,1,1,1,0,A
1348,male,95.3,99,94,1,1,1,0,0,C
1349,female,95.3,99,95,1,1,1,0,0,C
1350,male,95.7,92,94,1,1,1,0,0,C
1351,male,95.7,92,88,1,1,1,0,0,C
1352,male,98.7,95,87,1,1,1,0,0,C
1353,male,94.7,91,90,0,0,1,0,1,E
1354,male,91.7,88,75,0,1,0,1,0,F
1355,male,88.6,85,80,0,1,1,1,0,A
1356,female,95.4,99,91,0,1,1,1,0,A
1357,male,95.4,99,98,0,1,1,1,0,A
1358,female,98.6,95,95,0,1,1,1,0,A
1359,male,94.6,91,93,1,1,1,0,0,C
1360,male,95.4,99,93,1,1,1,0,0,C
1361,male,95.4,99,97,1,1,1,0,0,C
1362,male,97.6,94,96,1,1,1,0,0,C
1363,male,78.6,75,84,0,1,0,0,0,D
1364,male,85.6,82,76,0,1,0,1,0,F
1365,female,87.4,91,82,0,1,0,1,0,F
1366,male,97.6,94,93,0,1,0,1,0,F
1367,male,97.6,94,90,0,1,0,1,0,F
1368,male,93.5,90,91,0,0,1,1,1,B
1369,female,81.5,78,81,0,1,0,0,0,D
1370,female,83.5,80,66,0,1,0,0,0,D
1371,female,91.5,95,84,0,0,1,0,1,E
1372,female,94.5,91,80,1,1,1,0,0,G
1373,male,91.4,88,78,0,1,1,1,0,A
1374,female,96.4,93,91,0,1,1,1,0,A
1375,female,97.4,94,90,0,1,1,1,0,A
1376,male,96.4,93,98,0,0,1,1,1,B
1377,female,94.4,91,83,1,1,1,0,0,C
1378,male,95.6,99,98,1,1,1,0,0,C
1379,male,93.6,97,92,0,1,0,1,0,F
1380,male,93.3,90,80,0,0,1,1,1,B
1381,male,93.7,97,92,0,0,1,1,1,B
1382,male,94.3,91,80,0,0,1,1,1,B
1383,male,94.3,91,86,0,0,1,1,1,B
1384,female,87.7,91,80,1,1,1,0,0,C
1385,male,93.3,90,84,1,1,1,0,0,C
1386,male,95.3,92,92,1,1,1,0,0,C
1387,male,95.7,99,94,1,1,1,0,0,C
1388,female,98.3,95,96,1,1,1,0,0,C
1389,female,93.3,90,75,0,1,0,1,0,F
1390,male,88.7,92,82,1,1,1,0,0,G
1391,female,91.8,95,83,0,1,1,1,0,A
1392,male,93.8,97,80,0,1,1,1,0,A
1393,female,94.2,91,84,0,1,1,1,0,A
1394,male,94.2,91,91,0,1,1,1,0,A
1395,male,96.2,93,94,0,1,1,1,0,A
1396,male,97.2,94,99,0,1,1,1,0,A
1397,male,90.2,87,81,1,1,1,0,0,C
1398,male,90.2,87,82,1,1,1,0,0,C
1399,female,77.2,74,63,0,1,0,0,0,D
1400,female,80.2,77,70,0,1,0,0,0,D
1401,male,84.2,81,90,0,1,0,0,0,D
1402,male,87.9,91,85,0,1,1,1,0,A
1403,male,91.9,95,90,0,1,1,1,0,A
1404,male,83.1,80,76,0,0,1,1,1,B
1405,female,91.1,88,81,1,1,1,0,0,C
1406,female,96.1,93,97,1,1,1,0,0,C
1407,male,78.9,82,70,0,1,0,0,0,D
1408,male,91.9,95,91,0,1,0,1,0,F
1409,male,83.9,87,84,1,1,1,0,0,G
1410,female,84.1,81,80,1,1,1,0,0,G
1411,male,93.1,90,88,1,1,1,0,0,G
1412,female,98.1,95,87,1,1,1,0,0,G
1413,female,97,94,85,0,1,1,1,0,A
1414,female,99,96,90,0,1,1,1,0,A
1415,female,96,99,93,0,0,1,1,1,B
1416,male,85,82,96,1,1,1,0,0,C
1417,male,93,90,85,1,1,1,0,0,C
1418,male,96,93,83,1,1,1,0,0,C
1419,female,98,95,85,1,1,1,0,0,C
1420,male,82,85,75,0,1,0,0,0,D
1421,male,83,80,86,0,0,1,0,1,E
1422,female,96,93,92,1,1,1,0,0,G
1423,male,94.1,97,82,0,1,1,1,0,A
1424,male,92.9,90,88,0,0,1,1,1,B
1425,male,96.1,99,94,0,0,1,1,1,B
1426,male,90.9,88,85,1,1,1,0,0,C
1427,male,93.1,96,75,1,1,1,0,0,C
1428,male,94.9,92,99,1,1,1,0,0,C
1429,male,95.9,93,90,1,1,1,0,0,C
1430,male,96.1,99,99,1,1,1,0,0,C
1431,male,96.1,99,90,1,1,1,0,0,C
1432,male,83.9,81,74,0,0,1,0,1,E
1433,male,85.9,83,74,0,1,0,1,0,F
1434,male,93.8,91,86,0,1,1,1,0,A
1435,male,96.2,99,93,0,1,1,1,0,A
1436,male,92.8,90,87,1,1,1,0,0,C
1437,male,96.8,94,91,1,1,1,0,0,C
1438,male,96.8,94,95,1,1,1,0,0,C
1439,male,89.8,87,72,0,1,0,0,0,D
1440,male,94.8,92,88,0,0,1,0,1,E
1441,male,83.8,81,77,0,1,0,1,0,F
1442,male,89.8,87,84,0,1,0,1,0,F
1443,female,93.8,91,92,1,1,1,0,0,G
1444,male,94.8,92,99,1,1,1,0,0,G
1445,female,95.2,98,96,1,1,1,0,0,G
1446,female,93.7,91,90,0,1,1,1,0,A
1447,male,95.3,98,94,0,1,1,1,0,A
1448,female,95.7,93,94,0,1,1,1,0,A
1449,female,96.3,99,91,0,1,1,1,0,A
1450,male,97.7,95,99,0,0,1,1,1,B
1451,female,93.7,91,78,1,1,1,0,0,C
1452,male,94.3,97,99,1,1,1,0,0,C
1453,female,84.3,87,77,0,1,0,1,0,F
1454,male,83.6,81,75,0,1,1,1,0,A
1455,male,96.4,99,97,0,1,1,1,0,A
1456,female,93.6,91,80,1,1,1,0,0,C
1457,male,95.6,93,88,1,1,1,0,0,C
1458,male,95.6,93,88,1,1,1,0,0,C
1459,female,95.6,93,94,1,1,1,0,0,C
1460,male,96.4,99,93,1,1,1,0,0,C
1461,female,96.4,99,93,1,1,1,0,0,C
1462,male,96.6,94,84,0,0,1,0,1,E
1463,male,86.6,84,90,0,1,0,1,0,F
1464,female,92.4,95,97,0,1,0,1,0,F
1465,male,94.6,92,80,0,1,0,1,0,F
1466,female,80.4,83,90,1,1,1,0,0,G
1467,female,96.6,94,92,1,1,1,0,0,G
1468,female,97.6,95,90,1,1,1,0,0,G
1469,male,94.5,92,83,0,1,1,1,0,A
1470,female,98.5,96,94,0,1,1,1,0,A
1471,male,97.5,95,92,1,1,1,0,0,C
1472,male,97.5,95,94,0,1,0,1,0,F
1473,female,93.5,96,85,1,1,1,0,0,G
1474,male,95.4,93,90,0,1,1,1,0,A
1475,female,95.4,93,94,0,1,1,1,0,A
1476,female,96.6,99,92,0,1,1,1,0,A
1477,male,87.4,85,74,0,0,1,1,1,B
1478,male,92.4,90,80,0,0,1,1,1,B
1479,male,93.4,91,95,1,1,1,0,0,C
1480,male,94.4,92,93,1,1,1,0,0,C
1481,female,95.6,98,88,1,1,1,0,0,C
1482,male,96.4,94,98,1,1,1,0,0,C
1483,male,90.6,93,87,0,1,0,1,0,F
1484,male,96.4,94,86,0,1,0,1,0,F
1485,female,87.4,85,80,1,1,1,0,0,G
1486,male,92.3,90,99,0,1,1,1,0,A
1487,male,96.7,99,94,0,1,1,1,0,A
1488,male,96.7,99,99,0,1,1,1,0,A
1489,male,92.7,95,80,1,1,1,0,0,C
1490,male,97.3,95,99,1,1,1,0,0,C
1491,male,97.3,95,85,0,1,0,1,0,F
1492,male,92.7,95,87,1,1,1,0,0,G
1493,male,93.2,91,92,0,1,1,1,0,A
1494,male,93.2,91,80,0,1,1,1,0,A
1495,female,98.2,96,98,0,1,1,1,0,A
1496,male,96.8,99,99,0,0,1,1,1,B
1497,female,96.8,99,92,1,1,1,0,0,C
1498,female,96.8,99,93,0,1,0,1,0,F
1499,female,92.2,90,90,1,1,1,0,0,G
1500,female,96.8,99,97,1,1,1,0,0,G
1501,male,92.1,90,89,0,1,1,1,0,A
1502,male,92.1,90,89,0,1,1,1,0,A
1503,male,97.1,95,97,0,1,1,1,0,A
1504,female,86.1,84,92,0,0,1,1,1,B
1505,female,87.1,85,80,1,1,1,0,0,C
1506,male,89.9,92,80,1,1,1,0,0,C
1507,male,91.9,94,84,1,1,1,0,0,C
1508,male,92.1,90,86,1,1,1,0,0,C
1509,male,93.9,96,86,1,1,1,0,0,C
1510,female,97.1,95,95,1,1,1,0,0,C
1511,male,88.1,86,70,0,0,1,0,1,E
1512,male,90.1,88,74,0,1,0,1,0,F
1513,male,96.9,99,99,0,1,0,1,0,F
1514,male,92,94,81,1,1,1,0,0,C
1515,male,93,91,88,1,1,1,0,0,C
1516,male,97,99,99,0,1,0,0,0,D
1517,male,82,80,67,0,0,1,0,1,E
1518,male,92.1,94,89,0,1,1,1,0,A
1519,male,97.1,99,99,0,1,1,1,0,A
1520,female,87.9,86,95,1,1,1,0,0,C
1521,male,91.9,90,97,1,1,1,0,0,C
1522,female,95.1,97,87,1,1,1,0,0,C
1523,male,90.1,92,92,0,1,0,0,0,D
1524,male,86.9,85,92,0,0,1,0,1,E
1525,male,88.1,90,80,0,1,0,1,0,F
1526,male,95.9,94,95,0,1,0,1,0,F
1527,male,88.2,90,82,0,1,1,1,0,A
1528,male,94.8,93,92,0,1,1,1,0,A
1529,male,97.2,99,90,0,1,1,1,0,A
1530,male,97.2,99,93,0,1,1,1,0,A
1531,male,97.2,99,99,0,1,1,1,0,A
1532,male,86.8,85,75,0,0,1,1,1,B
1533,male,97.2,99,99,0,0,1,1,1,B
1534,male,97.2,99,95,1,1,1,0,0,C
1535,male,94.8,93,96,0,1,0,0,0,D
1536,male,80.2,82,70,0,0,1,0,1,E
1537,male,83.2,85,87,0,0,1,0,1,E
1538,male,81.2,83,84,1,1,1,0,0,G
1539,male,91.7,90,81,0,1,1,1,0,A
1540,male,95.7,94,99,0,1,1,1,0,A
1541,male,91.7,90,83,1,1,1,0,0,C
1542,male,93.3,95,95,1,1,1,0,0,C
1543,female,97.7,96,90,1,1,1,0,0,C
1544,male,82.7,81,90,0,1,0,0,0,D
1545,male,85.4,87,70,0,1,1,1,0,A
1546,male,96.4,98,92,0,1,1,1,0,A
1547,male,97.4,99,99,0,1,1,1,0,A
1548,male,97.4,99,97,0,1,1,1,0,A
1549,male,86.4,88,87,0,0,1,1,1,B
1550,male,90.4,92,84,0,0,1,1,1,B
1551,male,91.6,90,81,1,1,1,0,0,C
1552,male,91.6,90,82,1,1,1,0,0,C
1553,male,91.6,90,78,1,1,1,0,0,C
1554,female,92.4,94,83,1,1,1,0,0,C
1555,male,94.4,96,84,1,1,1,0,0,C
1556,male,94.6,93,86,1,1,1,0,0,C
1557,male,95.4,97,99,1,1,1,0,0,C
1558,male,95.6,94,85,1,1,1,0,0,C
1559,male,97.4,99,97,1,1,1,0,0,C
1560,female,96.4,98,85,1,1,1,0,0,G
1561,male,93.5,95,91,0,1,1,1,0,A
1562,male,97.5,99,95,0,0,1,1,1,B
1563,male,95.5,97,97,1,1,1,0,0,C
1564,male,97.5,99,99,1,1,1,0,0,C
1565,female,90.5,92,84,0,1,0,1,0,F
1566,female,80.5,82,76,1,1,1,0,0,G
1567,male,90.5,92,88,1,1,1,0,0,G
1568,female,93.5,92,76,1,1,1,0,0,G
1569,male,88.6,90,85,0,1,1,1,0,A
1570,male,96.6,98,90,0,1,1,1,0,A
1571,male,97.6,99,91,0,1,1,1,0,A
1572,female,97.6,99,92,0,1,1,1,0,A
1573,male,97.6,99,96,0,1,1,1,0,A
1574,male,97.6,99,92,0,1,1,1,0,A
1575,female,98.4,97,91,0,1,1,1,0,A
1576,male,82.4,81,65,0,0,1,1,1,B
1577,male,92.4,91,86,0,0,1,1,1,B
1578,female,91.6,93,81,1,1,1,0,0,C
1579,male,93.4,92,91,1,1,1,0,0,C
1580,male,95.6,97,99,1,1,1,0,0,C
1581,male,95.6,97,88,1,1,1,0,0,C
1582,male,97.6,99,99,1,1,1,0,0,C
1583,male,82.4,81,77,0,0,1,0,1,E
1584,male,84.4,83,65,0,1,0,1,0,F
1585,male,85.4,84,77,0,1,0,1,0,F
1586,male,88.6,90,80,0,1,0,1,0,F
1587,female,97.6,99,99,1,1,1,0,0,G
1588,male,91.3,90,86,0,1,1,1,0,A
1589,male,96.3,95,92,0,1,1,1,0,A
1590,male,97.7,99,87,0,1,1,1,0,A
1591,male,93.7,95,82,1,1,1,0,0,C
1592,male,97.3,96,99,1,1,1,0,0,C
1593,male,83.3,82,80,0,1,0,0,0,D
1594,female,91.7,93,74,0,0,1,0,1,E
1595,male,92.3,91,90,0,0,1,0,1,E
1596,male,97.7,99,99,0,0,1,0,1,E
1597,male,93.3,92,84,0,1,0,1,0,F
1598,male,99.3,98,96,0,1,0,1,0,F
1599,female,83.2,82,93,0,1,1,1,0,A
1600,male,90.8,92,71,0,1,1,1,0,A
1601,female,99.2,98,99,0,1,1,1,0,A
1602,female,95.8,97,92,0,0,1,1,1,B
1603,male,95.8,97,95,1,1,1,0,0,C
1604,male,88.8,90,93,0,1,0,1,0,F
1605,male,96.8,98,90,0,1,0,1,0,F
1606,male,88.8,90,74,1,1,1,0,0,G
1607,male,91.1,90,80,0,1,1,1,0,A
1608,female,96.1,95,94,0,1,1,1,0,A
1609,female,99.1,98,98,0,1,1,1,0,A
1610,female,99.1,98,97,0,1,1,1,0,A
1611,male,91.9,93,89,0,0,1,1,1,B
1612,female,96.9,98,99,0,0,1,1,1,B
1613,female,91.1,90,81,1,1,1,0,0,C
1614,female,92.9,94,74,1,1,1,0,0,C
1615,male,94.1,93,93,1,1,1,0,0,C
1616,male,92.9,94,94,0,1,0,0,0,D
1617,female,95.1,94,90,0,1,0,0,0,D
1618,female,96.1,95,87,0,1,0,0,0,D
1619,female,96.1,95,86,1,1,1,0,0,G
1620,male,89,90,83,0,1,1,1,0,A
1621,male,94,95,86,0,1,1,1,0,A
1622,male,94,93,90,0,1,1,1,0,A
1623,male,94,93,88,0,1,1,1,0,A
1624,female,96,95,95,0,1,1,1,0,A
1625,female,99,98,93,0,1,1,1,0,A
1626,male,91,92,84,1,1,1,0,0,C
1627,male,76,75,60,0,1,0,0,0,D
1628,male,81,80,82,0,1,0,0,0,D
1629,female,86,85,70,0,0,1,0,1,E
1630,female,94,93,90,0,1,0,1,0,F
1631,male,97,96,87,1,1,1,0,0,G
1632,male,95.1,96,93,0,1,1,1,0,A
1633,male,95.1,96,92,0,1,1,1,0,A
1634,male,96.1,97,99,0,1,1,1,0,A
1635,male,98.1,99,96,0,1,1,1,0,A
1636,female,98.1,99,97,0,1,1,1,0,A
1637,female,98.9,98,96,0,1,1,1,0,A
1638,male,98.1,99,93,0,0,1,1,1,B
1639,male,96.1,97,86,1,1,1,0,0,C
1640,male,98.1,99,93,1,1,1,0,0,C
1641,male,75.9,75,67,0,1,0,0,0,D
1642,male,79.1,80,76,0,1,0,0,0,D
1643,female,81.9,81,76,0,1,0,0,0,D
1644,male,85.1,86,83,0,1,0,0,0,D
1645,male,98.1,99,99,0,1,0,0,0,D
1646,male,94.9,94,82,0,0,1,0,1,E
1647,male,95.9,95,92,0,0,1,0,1,E
1648,male,96.9,96,91,0,1,0,1,0,F
1649,male,98.1,99,99,0,1,0,1,0,F
1650,female,94.2,95,85,0,1,1,1,0,A
1651,female,98.2,99,99,0,1,1,1,0,A
1652,male,98.8,98,94,0,1,1,1,0,A
1653,female,90.8,90,72,1,1,1,0,0,C
1654,female,90.8,90,80,1,1,1,0,0,C
1655,male,91.8,91,99,1,1,1,0,0,C
1656,male,80.8,80,66,0,1,0,0,0,D
1657,female,98.2,99,91,0,0,1,0,1,E
1658,male,97.7,97,93,0,1,1,1,0,A
1659,male,98.3,99,99,0,1,1,1,0,A
1660,female,98.7,98,87,0,0,1,1,1,B
1661,male,90.7,90,71,1,1,1,0,0,C
1662,male,94.3,95,80,1,1,1,0,0,C
1663,male,95.7,95,87,1,1,1,0,0,C
1664,male,97.3,98,90,1,1,1,0,0,C
1665,female,85.3,86,66,0,1,0,0,0,D
1666,male,98.3,99,99,0,1,0,1,0,F
1667,male,93.6,93,96,0,1,1,1,0,A
1668,male,97.6,97,96,0,1,1,1,0,A
1669,female,98.4,99,99,0,1,1,1,0,A
1670,male,95.4,96,86,1,1,1,0,0,C
1671,male,98.4,99,99,1,1,1,0,0,C
1672,male,90.4,91,83,0,0,1,0,1,E
1673,male,91.6,91,80,0,0,1,0,1,E
1674,male,94.4,95,88,0,1,0,1,0,F
1675,female,98.4,99,99,0,1,0,1,0,F
1676,female,94.6,94,90,1,1,1,0,0,G
1677,male,94.5,95,86,0,1,1,1,0,A
1678,female,92.5,92,83,1,1,1,0,0,C
1679,female,96.5,96,97,1,1,1,0,0,C
1680,female,98.5,99,93,1,1,1,0,0,C
1681,female,84.5,84,72,0,1,0,0,0,D
1682,male,90.5,91,82,0,1,0,0,0,D
1683,male,96.5,97,85,0,1,0,1,0,F
1684,female,90.4,90,88,0,1,1,1,0,A
1685,female,94.6,95,84,0,1,1,1,0,A
1686,male,98.6,99,90,0,1,1,1,0,A
1687,male,99.4,99,99,0,1,1,1,0,A
1688,male,99.4,99,96,0,0,1,1,1,B
1689,male,94.4,94,85,1,1,1,0,0,C
1690,male,96.4,96,99,1,1,1,0,0,C
1691,male,97.6,98,99,1,1,1,0,0,C
1692,male,99.4,99,99,1,1,1,0,0,C
1693,male,91.6,92,91,0,1,0,0,0,D
1694,male,90.4,90,80,0,1,0,1,0,F
1695,female,95.4,95,98,1,1,1,0,0,G
1696,male,98.6,99,99,1,1,1,0,0,G
1697,male,95.3,95,90,0,1,1,1,0,A
1698,male,99.3,99,97,0,1,1,1,0,A
1699,male,99.3,99,98,0,1,1,1,0,A
1700,male,90.7,91,82,0,0,1,1,1,B
1701,male,95.7,96,88,1,1,1,0,0,C
1702,male,95.7,96,97,1,1,1,0,0,C
1703,female,97.7,98,96,1,1,1,0,0,C
1704,male,98.7,99,93,1,1,1,0,0,C
1705,female,98.7,99,99,1,1,1,0,0,C
1706,male,81.3,81,73,0,1,0,0,0,D
1707,female,96.7,97,93,0,1,0,0,0,D
1708,male,90.7,91,90,0,1,0,1,0,F
1709,male,91.7,92,85,0,1,0,1,0,F
1710,male,91.7,92,94,0,1,0,1,0,F
1711,male,94.7,95,95,0,1,0,1,0,F
1712,male,96.3,96,90,0,1,0,1,0,F
1713,female,95.3,95,81,1,1,1,0,0,G
1714,male,89.8,90,79,0,1,1,1,0,A
1715,male,89.8,90,76,0,1,1,1,0,A
1716,female,98.8,99,99,0,1,1,1,0,A
1717,female,99.2,99,99,0,1,1,1,0,A
1718,male,87.2,87,87,1,1,1,0,0,C
1719,male,93.2,93,96,1,1,1,0,0,C
1720,male,93.8,94,86,1,1,1,0,0,C
1721,male,94.8,95,82,1,1,1,0,0,C
1722,female,95.2,95,91,1,1,1,0,0,C
1723,male,76.2,76,67,0,1,0,0,0,D
1724,male,94.8,95,84,1,1,1,0,0,G
1725,male,96.8,97,84,1,1,1,0,0,G
1726,female,98.9,99,92,0,1,1,1,0,A
1727,male,98.9,99,99,0,1,1,1,0,A
1728,female,98.9,99,99,0,1,1,1,0,A
1729,female,99.1,99,99,0,1,1,1,0,A
1730,male,99.1,99,99,0,1,1,1,0,A
1731,male,91.1,91,91,0,0,1,1,1,B
1732,male,98.1,98,93,0,0,1,1,1,B
1733,male,89.9,90,76,1,1,1,0,0,C
1734,female,93.9,94,76,1,1,1,0,0,C
1735,female,96.1,96,90,1,1,1,0,0,C
1736,female,98.9,99,98,1,1,1,0,0,C
1737,male,98.9,99,98,1,1,1,0,0,C
1738,male,77.1,77,62,0,1,0,0,0,D
1739,male,89.9,90,80,0,1,0,0,0,D
1740,male,89.9,90,91,0,1,0,0,0,D
1741,male,92.9,93,90,0,1,0,0,0,D
1742,male,98.1,98,97,0,0,1,0,1,E
1743,male,85.9,86,83,0,1,0,1,0,F
1744,female,97.1,97,97,0,1,0,1,0,F
1745,female,91.9,92,76,1,1,1,0,0,G
1746,female,98.9,99,96,1,1,1,0,0,G
1747,female,99.1,99,95,1,1,1,0,0,G
1748,female,97,97,91,0,1,1,1,0,A
1749,male,95,95,96,1,1,1,0,0,C
1750,male,99,99,99,1,1,1,0,0,C
1751,male,94,94,90,0,0,1,0,1,E
1752,male,98,98,97,0,0,1,0,1,E
1753,female,95,95,94,1,1,1,0,0,G
1754,male,97,97,96,1,1,1,0,0,G
1755,female,80.4,83,90,0,0,G,3,G-Good,
1756,female,96.6,94,92,0,0,G,4,G-Good,
1757,female,97.6,95,90,0,0,G,4,G-Good,
1758,male,94.5,92,83,1,0,A,3,A-Good,
1759,female,98.5,96,94,1,0,A,4,A-Good,
1760,male,97.5,95,92,0,0,C,5,C-Good,
1761,male,97.5,95,94,1,0,F,4,F-Good,
1762,female,93.5,96,85,0,0,G,3,G-Good,
1763,male,95.4,93,90,1,0,A,3,A-Good,
1764,female,95.4,93,94,1,0,A,4,A-Good,
1765,female,96.6,99,92,1,0,A,4,A-Good,
1766,male,87.4,85,74,1,1,B,3,B-Good,
1767,male,92.4,90,80,1,1,B,3,B-Good,
1768,male,93.4,91,95,0,0,C,3,C-Good,
1769,male,94.4,92,93,0,0,C,4,C-Good,
1770,female,95.6,98,88,0,0,C,3,C-Good,
1771,male,96.4,94,98,0,0,C,4,C-Good,
1772,female,78.4,76,64,0,0,D,2,D-Poor,
1773,male,90.6,93,87,1,0,F,3,F-Good,
1774,male,96.4,94,86,1,0,F,4,F-Good,
1775,female,87.4,85,80,0,0,G,3,G-Good,
1776,male,92.3,90,99,1,0,A,3,A-Good,
1777,male,96.7,99,94,1,0,A,5,A-Good,
1778,male,96.7,99,99,1,0,A,5,A-Good,
1779,male,92.7,95,80,0,0,C,4,C-Good,
1780,male,97.3,95,99,0,0,C,5,C-Good,
1781,male,97.3,95,85,1,0,F,4,F-Good,
1782,male,92.7,95,87,0,0,G,3,G-Good,
1783,male,93.2,91,92,1,0,A,3,A-Good,
1784,male,93.2,91,80,1,0,A,4,A-Good,
1785,female,98.2,96,98,1,0,A,4,A-Good,
1786,male,96.8,99,99,1,1,B,5,B-Good,
1787,female,96.8,99,92,0,0,C,4,C-Good,
1788,female,84.2,82,71,1,0,F,2,F-Poor,
1789,female,96.8,99,93,1,0,F,5,F-Good,
1790,female,92.2,90,90,0,0,G,3,G-Good,
1791,female,96.8,99,97,0,0,G,4,G-Good,
1792,male,92.1,90,89,1,0,A,3,A-Good,
1793,male,92.1,90,89,1,0,A,4,A-Good,
1794,male,97.1,95,97,1,0,A,0,A-Poor,
1795,female,86.1,84,92,1,1,B,4,B-Good,
1796,male,87.1,85,74,0,0,C,2,C-Poor,
1797,female,87.1,85,80,0,0,C,3,C-Good,
1798,male,89.9,92,80,0,0,C,3,C-Good,
1799,male,91.9,94,84,0,0,C,3,C-Good,
1800,male,92.1,90,86,0,0,C,3,C-Good,
1801,male,93.9,96,86,0,0,C,3,C-Good,
1802,female,97.1,95,95,0,0,C,3,C-Good,
1803,male,88.1,86,70,0,1,E,3,E-Good,
1804,male,90.1,88,74,1,0,F,3,F-Good,
1805,male,96.9,99,99,1,0,F,5,F-Good,
1806,male,85,83,70,0,0,C,2,C-Poor,
1807,male,92,94,81,0,0,C,3,C-Good,
1808,male,93,91,88,0,0,C,3,C-Good,
1809,male,97,99,99,0,0,D,4,D-Good,
1810,male,82,80,67,0,1,E,3,E-Good,
1811,male,85,83,73,0,1,E,2,E-Poor,
1812,male,85,83,65,1,0,F,2,F-Poor,
1813,male,92.1,94,89,1,0,A,3,A-Good,
1814,male,97.1,99,99,1,0,A,5,A-Good,
1815,female,87.9,86,95,0,0,C,3,C-Good,
1816,male,91.9,90,97,0,0,C,3,C-Good,
1817,female,95.1,97,87,0,0,C,3,C-Good,
1818,male,90.1,92,92,0,0,D,3,D-Good,
1819,male,86.9,85,92,0,1,E,3,E-Good,
1820,male,88.1,90,80,1,0,F,3,F-Good,
1821,male,95.9,94,95,1,0,F,3,F-Good,
1822,male,88.2,90,82,1,0,A,4,A-Good,
1823,male,94.8,93,92,1,0,A,4,A-Good,
1824,male,97.2,99,90,1,0,A,4,A-Good,
1825,male,97.2,99,93,1,0,A,4,A-Good,
1826,male,97.2,99,99,1,0,A,5,A-Good,
1827,male,86.8,85,75,1,1,B,3,B-Good,
1828,male,97.2,99,99,1,1,B,4,B-Good,
1829,male,97.2,99,95,0,0,C,3,C-Good,
1830,male,94.8,93,96,0,0,D,4,D-Good,
1831,male,80.2,82,70,0,1,E,3,E-Good,
1832,male,83.2,85,87,0,1,E,3,E-Good,
1833,male,81.2,83,84,0,0,G,3,G-Good,
1834,male,91.7,90,81,1,0,A,4,A-Good,
1835,male,95.7,94,99,1,0,A,5,A-Good,
1836,male,91.7,90,83,0,0,C,3,C-Good,
1837,male,93.3,95,95,0,0,C,4,C-Good,
1838,female,97.7,96,90,0,0,C,4,C-Good,
1839,male,82.7,81,90,0,0,D,3,D-Good,
1840,male,85.7,84,84,0,0,D,2,D-Poor,
1841,male,85.4,87,70,1,0,A,3,A-Good,
1842,male,96.4,98,92,1,0,A,3,A-Good,
1843,male,97.4,99,99,1,0,A,5,A-Good,
1844,male,97.4,99,97,1,0,A,5,A-Good,
1845,male,86.4,88,87,1,1,B,3,B-Good,
1846,male,90.4,92,84,1,1,B,3,B-Good,
1847,female,84.6,83,74,0,0,C,2,C-Poor,
1848,male,91.6,90,81,0,0,C,3,C-Good,
1849,male,91.6,90,82,0,0,C,3,C-Good,
1850,male,91.6,90,78,0,0,C,4,C-Good,
1851,female,92.4,94,83,0,0,C,3,C-Good,
1852,male,94.4,96,84,0,0,C,3,C-Good,
1853,male,94.6,93,86,0,0,C,4,C-Good,
1854,male,95.4,97,99,0,0,C,3,C-Good,
1855,male,95.6,94,85,0,0,C,4,C-Good,
1856,male,97.4,99,97,0,0,C,4,C-Good,
1857,male,78.4,80,64,0,0,D,2,D-Poor,
1858,female,96.4,98,85,0,0,G,4,G-Good,
1859,male,93.5,95,91,1,0,A,3,A-Good,
1860,male,97.5,99,95,1,1,B,4,B-Good,
1861,male,95.5,97,97,0,0,C,5,C-Good,
1862,male,97.5,99,99,0,0,C,5,C-Good,
1863,female,90.5,92,84,1,0,F,3,F-Good,
1864,female,80.5,82,76,0,0,G,3,G-Good,
1865,male,90.5,92,88,0,0,G,3,G-Good,
1866,female,93.5,92,76,0,0,G,3,G-Good,
1867,male,88.6,90,85,1,0,A,3,A-Good,
1868,male,96.6,98,90,1,0,A,4,A-Good,
1869,male,97.6,99,91,1,0,A,4,A-Good,
1870,female,97.6,99,92,1,0,A,4,A-Good,
1871,male,97.6,99,96,1,0,A,5,A-Good,
1872,male,97.6,99,92,1,0,A,5,A-Good,
1873,female,98.4,97,91,1,0,A,4,A-Good,
1874,male,82.4,81,65,1,1,B,3,B-Good,
1875,male,92.4,91,86,1,1,B,3,B-Good,
1876,female,91.6,93,81,0,0,C,3,C-Good,
1877,female,92.4,91,76,0,0,C,2,C-Poor,
1878,male,93.4,92,91,0,0,C,3,C-Good,
1879,male,95.6,97,99,0,0,C,3,C-Good,
1880,male,95.6,97,88,0,0,C,3,C-Good,
1881,male,97.6,99,99,0,0,C,5,C-Good,
1882,male,82.4,81,77,0,1,E,3,E-Good,
1883,male,84.4,83,65,1,0,F,3,F-Good,
1884,male,85.4,84,77,1,0,F,3,F-Good,
1885,male,88.6,90,76,1,0,F,2,F-Poor,
1886,male,88.6,90,80,1,0,F,3,F-Good,
1887,female,97.6,99,99,0,0,G,3,G-Good,
1888,male,91.3,90,86,1,0,A,4,A-Good,
1889,male,96.3,95,92,1,0,A,4,A-Good,
1890,male,97.7,99,87,1,0,A,3,A-Good,
1891,male,93.7,95,82,0,0,C,4,C-Good,
1892,male,97.3,96,99,0,0,C,4,C-Good,
1893,male,83.3,82,80,0,0,D,3,D-Good,
1894,female,91.7,93,74,0,1,E,3,E-Good,
1895,male,92.3,91,90,0,1,E,3,E-Good,
1896,male,97.7,99,99,0,1,E,5,E-Good,
1897,male,93.3,92,84,1,0,F,4,F-Good,
1898,male,99.3,98,96,1,0,F,5,F-Good,
1899,female,83.2,82,93,1,0,A,3,A-Good,
1900,male,90.8,92,71,1,0,A,3,A-Good,
1901,female,99.2,98,99,1,0,A,5,A-Good,
1902,female,95.8,97,92,1,1,B,4,B-Good,
1903,male,95.8,97,95,0,0,C,4,C-Good,
1904,male,68.8,70,82,0,0,D,2,D-Poor,
1905,male,88.8,90,93,1,0,F,4,F-Good,
1906,male,96.8,98,90,1,0,F,3,F-Good,
1907,male,88.8,90,74,0,0,G,3,G-Good,
1908,male,91.1,90,80,1,0,A,4,A-Good,
1909,female,96.1,95,94,1,0,A,4,A-Good,
1910,female,99.1,98,98,1,0,A,4,A-Good,
1911,female,99.1,98,97,1,0,A,4,A-Good,
1912,male,91.9,93,89,1,1,B,3,B-Good,
1913,female,96.9,98,99,1,1,B,5,B-Good,
1914,female,91.1,90,81,0,0,C,3,C-Good,
1915,female,92.9,94,74,0,0,C,3,C-Good,
1916,male,94.1,93,93,0,0,C,3,C-Good,
1917,male,92.9,94,94,0,0,D,4,D-Good,
1918,female,95.1,94,90,0,0,D,4,D-Good,
1919,female,96.1,95,87,0,0,D,4,D-Good,
1920,female,96.1,95,86,0,0,G,3,G-Good,
1921,male,89,90,83,1,0,A,3,A-Good,
1922,male,94,95,86,1,0,A,3,A-Good,
1923,male,94,93,90,1,0,A,3,A-Good,
1924,male,94,93,88,1,0,A,4,A-Good,
1925,female,96,95,95,1,0,A,4,A-Good,
1926,female,99,98,93,1,0,A,4,A-Good,
1927,male,91,92,84,0,0,C,3,C-Good,
1928,male,76,75,60,0,0,D,3,D-Good,
1929,male,81,80,82,0,0,D,3,D-Good,
1930,female,86,85,70,0,1,E,3,E-Good,
1931,female,94,93,90,1,0,F,4,F-Good,
1932,male,97,96,87,0,0,G,4,G-Good,
1933,male,95.1,96,93,1,0,A,4,A-Good,
1934,male,95.1,96,92,1,0,A,4,A-Good,
1935,male,96.1,97,99,1,0,A,5,A-Good,
1936,male,98.1,99,96,1,0,A,3,A-Good,
1937,female,98.1,99,97,1,0,A,4,A-Good,
1938,female,98.9,98,96,1,0,A,4,A-Good,
1939,male,98.1,99,93,1,1,B,4,B-Good,
1940,male,96.1,97,86,0,0,C,3,C-Good,
1941,male,98.1,99,93,0,0,C,3,C-Good,
1942,male,75.9,75,67,0,0,D,3,D-Good,
1943,male,79.1,80,76,0,0,D,3,D-Good,
1944,female,81.9,81,76,0,0,D,3,D-Good,
1945,male,85.1,86,83,0,0,D,3,D-Good,
1946,male,98.1,99,99,0,0,D,4,D-Good,
1947,male,94.9,94,82,0,1,E,4,E-Good,
1948,male,95.9,95,92,0,1,E,3,E-Good,
1949,male,96.9,96,91,1,0,F,4,F-Good,
1950,male,98.1,99,99,1,0,F,5,F-Good,
1951,female,94.2,95,85,1,0,A,3,A-Good,
1952,female,98.2,99,99,1,0,A,5,A-Good,
1953,male,98.8,98,94,1,0,A,4,A-Good,
1954,female,90.8,90,72,0,0,C,3,C-Good,
1955,female,90.8,90,80,0,0,C,3,C-Good,
1956,male,91.8,91,99,0,0,C,3,C-Good,
1957,male,80.8,80,66,0,0,D,3,D-Good,
1958,male,86.8,86,70,0,0,D,2,D-Poor,
1959,female,98.2,99,91,0,1,E,5,E-Good,
1960,male,97.7,97,93,1,0,A,4,A-Good,
1961,male,98.3,99,99,1,0,A,5,A-Good,
1962,female,98.7,98,87,1,1,B,5,B-Good,
1963,male,90.7,90,71,0,0,C,3,C-Good,
1964,male,94.3,95,80,0,0,C,3,C-Good,
1965,male,95.7,95,87,0,0,C,4,C-Good,
1966,male,97.3,98,90,0,0,C,4,C-Good,
1967,female,85.3,86,66,0,0,D,3,D-Good,
1968,male,98.3,99,99,1,0,F,4,F-Good,
1969,male,93.6,93,96,1,0,A,4,A-Good,
1970,male,97.6,97,96,1,0,A,5,A-Good,
1971,female,98.4,99,99,1,0,A,5,A-Good,
1972,male,95.4,96,86,0,0,C,3,C-Good,
1973,male,98.4,99,99,0,0,C,4,C-Good,
1974,male,90.4,91,83,0,1,E,3,E-Good,
1975,male,91.6,91,80,0,1,E,4,E-Good,
1976,male,94.4,95,88,1,0,F,4,F-Good,
1977,female,98.4,99,99,1,0,F,5,F-Good,
1978,female,94.6,94,90,0,0,G,4,G-Good,
1979,male,94.5,95,86,1,0,A,4,A-Good,
1980,female,92.5,92,83,0,0,C,3,C-Good,
1981,female,96.5,96,97,0,0,C,4,C-Good,
1982,female,98.5,99,93,0,0,C,4,C-Good,
1983,female,84.5,84,72,0,0,D,3,D-Good,
1984,male,90.5,91,82,0,0,D,4,D-Good,
1985,male,96.5,97,85,1,0,F,4,F-Good,
1986,female,90.4,90,88,1,0,A,3,A-Good,
1987,female,94.6,95,84,1,0,A,4,A-Good,
1988,male,98.6,99,90,1,0,A,5,A-Good,
1989,male,99.4,99,99,1,0,A,5,A-Good,
1990,male,99.4,99,96,1,1,B,4,B-Good,
1991,male,94.4,94,85,0,0,C,3,C-Good,
1992,male,96.4,96,99,0,0,C,4,C-Good,
1993,male,97.6,98,99,0,0,C,4,C-Good,
1994,male,99.4,99,99,0,0,C,5,C-Good,
1995,male,91.6,92,91,0,0,D,3,D-Good,
1996,male,81.6,82,71,1,0,F,2,F-Poor,
1997,male,85.4,85,81,1,0,F,2,F-Poor,
1998,male,90.4,90,80,1,0,F,3,F-Good,
1999,female,95.4,95,98,0,0,G,3,G-Good,
2000,male,98.6,99,99,0,0,G,4,G-Good,
2001,male,95.3,95,90,1,0,A,3,A-Good,
2002,male,99.3,99,97,1,0,A,4,A-Good,
2003,male,99.3,99,98,1,0,A,5,A-Good,
2004,male,90.7,91,82,1,1,B,3,B-Good,
2005,male,95.7,96,88,0,0,C,3,C-Good,
2006,male,95.7,96,97,0,0,C,4,C-Good,
2007,female,97.7,98,96,0,0,C,5,C-Good,
2008,male,98.7,99,93,0,0,C,4,C-Good,
2009,female,98.7,99,99,0,0,C,5,C-Good,
2010,male,81.3,81,73,0,0,D,3,D-Good,
2011,female,96.7,97,93,0,0,D,4,D-Good,
2012,male,90.7,91,90,1,0,F,3,F-Good,
2013,male,91.7,92,85,1,0,F,4,F-Good,
2014,male,91.7,92,94,1,0,F,4,F-Good,
2015,male,94.7,95,95,1,0,F,4,F-Good,
2016,male,96.3,96,90,1,0,F,3,F-Good,
2017,female,95.3,95,81,0,0,G,3,G-Good,
2018,male,89.8,90,79,1,0,A,3,A-Good,
2019,male,89.8,90,76,1,0,A,3,A-Good,
2020,female,98.8,99,99,1,0,A,5,A-Good,
2021,female,99.2,99,99,1,0,A,5,A-Good,
2022,male,87.2,87,87,0,0,C,3,C-Good,
2023,male,93.2,93,96,0,0,C,4,C-Good,
2024,male,93.8,94,86,0,0,C,4,C-Good,
2025,male,94.8,95,82,0,0,C,3,C-Good,
2026,female,95.2,95,91,0,0,C,4,C-Good,
2027,male,76.2,76,67,0,0,D,3,D-Good,
2028,female,90.2,90,85,0,1,E,2,E-Poor,
2029,male,94.8,95,84,0,0,G,3,G-Good,
2030,male,96.8,97,84,0,0,G,3,G-Good,
2031,female,98.9,99,92,1,0,A,4,A-Good,
2032,male,98.9,99,99,1,0,A,5,A-Good,
2033,female,98.9,99,99,1,0,A,5,A-Good,
2034,female,99.1,99,99,1,0,A,5,A-Good,
2035,male,99.1,99,99,1,0,A,5,A-Good,
2036,male,91.1,91,91,1,1,B,4,B-Good,
2037,male,98.1,98,93,1,1,B,5,B-Good,
2038,male,89.9,90,76,0,0,C,3,C-Good,
2039,female,93.9,94,76,0,0,C,3,C-Good,
2040,female,96.1,96,90,0,0,C,3,C-Good,
2041,female,98.9,99,98,0,0,C,4,C-Good,
2042,male,98.9,99,98,0,0,C,4,C-Good,
2043,male,77.1,77,62,0,0,D,3,D-Good,
2044,male,89.9,90,80,0,0,D,3,D-Good,
2045,male,89.9,90,91,0,0,D,4,D-Good,
2046,male,92.9,93,90,0,0,D,3,D-Good,
2047,male,98.1,98,97,0,1,E,4,E-Good,
2048,male,82.1,82,82,1,0,F,2,F-Poor,
2049,male,85.9,86,83,1,0,F,3,F-Good,
2050,female,97.1,97,97,1,0,F,4,F-Good,
2051,female,91.9,92,76,0,0,G,3,G-Good,
2052,female,98.9,99,96,0,0,G,4,G-Good,
2053,female,99.1,99,95,0,0,G,4,G-Good,
2054,female,97,97,91,1,0,A,4,A-Good,
2055,male,95,95,96,0,0,C,4,C-Good,
2056,male,99,99,99,0,0,C,4,C-Good,
2057,male,94,94,90,0,1,E,4,E-Good,
2058,male,98,98,97,0,1,E,4,E-Good,
2059,female,95,95,94,0,0,G,4,G-Good,
2060,male,97,97,96,0,0,G,4,G-Good,
