id,sex,gpa,physics,math,norm_gpa,norm_physics,norm_math,art,analytic,construct,electric,mechanic,specialty
0001,female,95,75,78,5,3,3,0,1,1,1,0,A
0002,female,96,76,80,5,3,4,0,1,1,1,0,A
0003,female,91,71,80,5,3,4,1,1,1,0,0,C
0004,male,91,71,86,5,3,4,1,1,1,0,0,C
0005,female,84,64,73,4,2,3,0,1,0,0,0,D
0006,female,88,68,80,4,2,4,0,1,0,0,0,D
0007,female,86,66,76,4,2,3,0,0,1,0,1,E
0008,female,92,72,72,5,3,3,0,1,0,1,0,F
0009,female,93,73,74,5,3,3,0,1,0,1,0,F
0010,male,92.9,73,81,5,3,4,1,1,1,0,0,C
0011,male,95.9,76,93,5,3,5,1,1,1,0,0,C
0012,male,82.9,63,70,4,2,3,0,0,1,0,1,E
0013,female,90.9,71,88,5,3,4,0,1,0,1,0,F
0014,female,90.8,71,72,5,3,3,0,1,1,1,0,A
0015,female,90.8,71,87,5,3,4,0,0,1,1,1,B
0016,female,84.8,65,87,4,2,4,1,1,1,0,0,C
0017,female,86.8,67,76,4,2,3,0,1,0,0,0,D
0018,male,87.8,68,75,4,2,3,0,1,0,1,0,F
0019,female,91.8,72,81,5,3,4,0,1,0,1,0,F
0020,female,95.8,76,84,5,3,4,1,1,1,0,0,G
0021,female,97.8,78,81,5,3,4,1,1,1,0,0,G
0022,male,93.7,74,87,5,3,4,0,1,1,1,0,A
0023,male,94.7,75,85,5,3,4,0,1,1,1,0,A
0024,female,94.7,75,98,5,3,5,0,1,1,1,0,A
0025,male,79.7,60,60,3,2,2,0,1,0,0,0,D
0026,male,82.7,63,83,4,2,4,0,1,0,0,0,D
0027,male,93.7,74,78,5,3,3,0,1,0,0,0,D
0028,male,84.7,65,72,4,2,3,0,1,0,1,0,F
0029,female,87.6,68,76,4,2,3,0,1,1,1,0,A
0030,female,89.6,70,83,4,3,4,0,1,1,1,0,A
0031,female,92.6,73,82,5,3,4,0,0,1,1,1,B
0032,female,89.6,70,84,4,3,4,0,1,0,0,0,C
0033,female,92.6,73,78,5,3,3,1,1,1,0,0,C
0034,female,80.6,61,65,4,2,2,0,1,0,0,0,D
0035,male,91.6,72,80,5,3,4,0,0,1,0,1,E
0036,male,93.5,74,80,5,3,4,0,1,1,1,0,A
0037,male,93.5,74,78,5,3,3,0,0,1,1,1,B
0038,male,94.5,75,88,5,3,4,1,1,1,0,0,C
0039,male,87.5,68,75,4,2,3,0,1,0,0,0,D
0040,male,94.5,75,81,5,3,4,0,0,1,0,1,E
0041,male,89.5,70,70,4,3,3,0,1,0,1,0,F
0042,female,97.5,78,88,5,3,4,0,1,0,1,0,F
0043,female,89.5,70,82,4,3,4,1,1,1,0,0,G
0044,female,94.5,75,90,5,3,5,1,1,1,0,0,G
0045,male,89.4,70,88,4,3,4,0,1,1,1,0,A
0046,female,96.4,77,82,5,3,4,0,1,1,1,0,A
0047,male,79.4,60,64,3,2,2,0,1,0,0,0,D
0048,male,90.4,71,82,5,3,4,0,0,1,0,1,E
0049,male,89.4,70,74,4,3,3,0,1,0,1,0,F
0050,male,90.4,71,86,5,3,4,1,1,1,0,0,G
0051,female,93.4,74,80,5,3,4,1,1,1,0,0,G
0052,female,94.4,75,85,5,3,4,1,1,1,0,0,G
0053,male,94.3,75,77,5,3,3,0,1,1,1,0,A
0054,female,96.3,77,81,5,3,4,0,1,1,1,0,A
0055,female,89.3,70,80,4,3,4,0,0,1,1,1,B
0056,male,92.3,73,75,5,3,3,0,0,1,1,1,B
0057,female,92.3,73,76,5,3,3,0,0,1,1,1,B
0058,female,94.3,75,91,5,3,5,0,0,1,1,1,B
0059,female,86.3,67,78,4,2,3,0,1,0,0,0,D
0060,female,93.2,74,82,5,3,4,0,1,1,1,0,A
0061,male,94.2,75,80,5,3,4,0,1,1,1,0,A
0062,male,91.2,72,76,5,3,3,0,0,1,1,1,B
0063,female,90.2,71,76,5,3,3,0,1,0,0,0,C
0064,male,94.2,75,82,5,3,4,1,1,1,0,0,C
0065,male,91.2,72,84,5,3,4,0,1,0,0,0,D
0066,male,93.2,74,87,5,3,4,0,1,0,0,0,D
0067,male,91.2,72,80,5,3,4,0,0,1,0,1,E
0068,male,96.2,77,82,5,3,4,1,1,1,0,0,G
0069,male,95.1,76,80,5,3,4,0,1,1,1,0,A
0070,female,91.1,72,80,5,3,4,1,1,1,0,0,C
0071,female,93.1,74,85,5,3,4,0,1,0,0,0,D
0072,female,95.1,76,90,5,3,5,0,1,0,0,0,D
0073,male,87.1,68,80,4,2,4,0,0,1,0,1,E
0074,male,91.1,72,76,5,3,3,0,0,1,0,1,E
0075,male,89,70,77,4,3,3,0,1,1,1,0,A
0076,female,93,74,73,5,3,3,0,1,1,1,0,A
0077,male,93,74,83,5,3,4,1,1,1,0,0,C
0078,male,89,70,82,4,3,4,0,1,0,0,0,D
0079,male,89,70,82,4,3,4,0,1,0,0,0,D
0080,male,95,76,90,5,3,5,0,1,0,1,0,F
0081,female,99,80,90,5,4,5,1,1,1,0,0,G
0082,female,93.9,75,88,5,3,4,0,1,1,1,0,A
0083,male,91.9,73,81,5,3,4,1,1,1,0,0,C
0084,female,94.9,76,76,5,3,3,1,1,1,0,0,C
0085,male,78.9,60,70,3,2,3,0,1,0,0,0,D
0086,male,95.9,77,87,5,3,4,0,0,1,0,1,E
0087,female,94.9,76,80,5,3,4,1,1,1,0,0,G
0088,male,90.8,72,75,5,3,3,0,1,1,1,0,A
0089,male,96.8,78,84,5,3,4,1,1,1,0,0,C
0090,male,68.8,50,50,2,0,0,0,1,0,0,0,D
0091,male,84.8,66,76,4,2,3,0,0,1,0,1,E
0092,male,92.8,74,80,5,3,4,0,0,1,0,1,E
0093,female,94.8,76,81,5,3,4,0,0,1,0,1,E
0094,male,83.8,65,70,4,2,3,0,1,0,1,0,F
0095,male,90.8,72,85,5,3,4,0,1,0,1,0,F
0096,male,89.8,71,86,4,3,4,1,1,1,0,0,G
0097,female,92.8,74,81,5,3,4,1,1,1,0,0,G
0098,female,92.8,74,86,5,3,4,1,1,1,0,0,G
0099,female,94.8,76,76,5,3,3,1,1,1,0,0,G
0100,female,95.8,77,86,5,3,4,1,1,1,0,0,G
0101,female,98.7,80,86,5,4,4,1,1,1,0,0,G
0102,male,88.6,70,86,4,3,4,0,1,1,1,0,A
0103,male,90.6,72,80,5,3,4,0,1,1,1,0,A
0104,male,92.6,74,84,5,3,4,0,1,1,1,0,A
0105,male,85.6,67,83,4,2,4,1,1,1,0,0,C
0106,male,90.6,72,88,5,3,4,1,1,1,0,0,C
0107,male,94.6,76,85,5,3,4,1,1,1,0,0,G
0108,male,93.5,75,82,5,3,4,1,1,1,0,0,C
0109,male,68.5,50,60,2,0,2,0,1,0,0,0,D
0110,female,96.5,78,80,5,3,4,1,1,1,0,0,G
0111,male,84.4,66,67,4,2,2,0,1,1,1,0,A
0112,male,93.4,75,82,5,3,4,0,0,1,1,1,B
0113,male,95.4,77,83,5,3,4,0,0,1,1,1,B
0114,male,93.4,75,83,5,3,4,1,1,1,0,0,C
0115,male,93.4,75,74,5,3,3,1,1,1,0,0,C
0116,female,93.4,75,87,5,3,4,1,1,1,0,0,C
0117,female,94.4,76,82,5,3,4,1,1,1,0,0,C
0118,female,95.4,77,85,5,3,4,1,1,1,0,0,C
0119,female,90.4,72,77,5,3,3,0,0,1,0,1,E
0120,male,90.4,72,74,5,3,3,0,0,1,0,1,E
0121,male,94.4,76,80,5,3,4,0,1,0,1,0,F
0122,male,91.4,73,98,5,3,5,1,1,1,0,0,G
0123,male,88.3,70,86,4,3,4,0,1,1,1,0,A
0124,female,91.3,73,81,5,3,4,0,1,1,1,0,A
0125,male,92.3,74,82,5,3,4,1,1,1,0,0,C
0126,male,92.3,74,77,5,3,3,1,1,1,0,0,C
0127,male,83.3,65,90,4,2,5,0,1,0,1,0,F
0128,female,91.3,73,80,5,3,4,1,1,1,0,0,G
0129,female,95.2,77,85,5,3,4,0,1,1,1,0,A
0130,male,91.2,73,86,5,3,4,1,1,1,0,0,C
0131,female,93.2,75,88,5,3,4,1,1,1,0,0,C
0132,female,98.2,80,82,5,4,4,1,1,1,0,0,C
0133,male,90.2,72,78,5,3,3,0,0,1,0,1,E
0134,female,94.2,76,88,5,3,4,0,0,1,0,1,E
0135,male,83.2,65,99,4,2,5,0,1,0,1,0,F
0136,female,86.2,68,87,4,2,4,1,1,1,0,0,G
0137,male,92.2,74,80,5,3,4,1,1,1,0,0,G
0138,female,96.2,78,90,5,3,5,1,1,1,0,0,G
0139,female,98.2,80,85,5,4,4,1,1,1,0,0,G
0140,male,92.1,74,93,5,3,5,1,1,1,0,0,C
0141,female,93.1,75,80,5,3,4,1,1,1,0,0,C
0142,male,93.1,75,81,5,3,4,1,1,1,0,0,C
0143,male,94.1,76,76,5,3,3,1,1,1,0,0,C
0144,female,94.1,76,87,5,3,4,1,1,1,0,0,C
0145,female,86.1,68,74,4,2,3,0,1,0,0,0,D
0146,male,82.1,64,86,4,2,4,0,0,1,0,1,E
0147,female,92.1,74,87,5,3,4,0,1,0,1,0,F
0148,female,98.1,80,83,5,4,4,1,1,1,0,0,G
0149,female,98.1,80,80,5,4,4,1,1,1,0,0,G
0150,female,93,75,78,5,3,3,0,1,1,1,0,A
0151,male,98,80,80,5,4,4,0,1,1,1,0,A
0152,male,88,70,71,4,3,3,0,0,1,1,1,B
0153,male,91,73,78,5,3,3,1,1,1,0,0,C
0154,male,93,75,75,5,3,3,0,0,1,0,1,E
0155,male,85,67,76,4,2,3,0,1,0,1,0,F
0156,female,84.9,67,80,4,2,4,0,1,1,1,0,A
0157,male,93.9,76,95,5,3,5,1,1,1,0,0,C
0158,male,92.9,75,90,5,3,5,0,1,0,1,0,F
0159,female,94.8,77,93,5,3,5,0,1,1,1,0,A
0160,male,97.8,80,86,5,4,4,0,0,1,1,1,B
0161,male,92.8,75,99,5,3,5,1,1,1,0,0,C
0162,male,94.8,77,90,5,3,5,1,1,1,0,0,C
0163,female,87.8,70,76,4,3,3,0,1,0,0,0,D
0164,female,91.8,74,76,5,3,3,0,0,1,0,1,E
0165,female,87.8,70,83,4,3,4,1,1,1,0,0,G
0166,female,97.8,80,88,5,4,4,1,1,1,0,0,G
0167,male,93.7,76,82,5,3,4,0,0,1,1,1,B
0168,female,98.7,81,85,5,4,4,1,1,1,0,0,C
0169,male,87.7,70,74,4,3,3,0,1,0,0,0,D
0170,male,94.7,77,80,5,3,4,0,0,1,0,1,E
0171,female,93.7,76,80,5,3,4,1,1,1,0,0,G
0172,male,93.6,76,80,5,3,4,0,1,1,1,0,A
0173,female,94.6,77,76,5,3,3,0,1,1,1,0,A
0174,female,95.6,78,85,5,3,4,0,1,1,1,0,A
0175,male,93.6,76,74,5,3,3,0,0,1,1,1,B
0176,male,93.6,76,88,5,3,4,1,1,1,0,0,C
0177,male,77.6,60,64,3,2,2,0,1,0,0,0,D
0178,female,94.6,77,83,5,3,4,0,1,0,1,0,F
0179,male,95.6,78,76,5,3,3,1,1,1,0,0,G
0180,male,93.5,76,84,5,3,4,0,1,1,1,0,A
0181,female,94.4,77,82,5,3,4,0,1,1,1,0,A
0182,female,78.4,61,68,3,2,2,0,1,0,0,0,D
0183,female,90.4,73,77,5,3,3,1,1,1,0,0,G
0184,male,92.3,75,82,5,3,4,1,1,1,0,0,C
0185,female,92.3,75,86,5,3,4,1,1,1,0,0,C
0186,male,93.3,76,80,5,3,4,1,1,1,0,0,C
0187,male,94.3,77,80,5,3,4,1,1,1,0,0,C
0188,male,87.3,70,77,4,3,3,0,0,1,0,1,E
0189,female,95.3,78,81,5,3,4,0,0,1,0,1,E
0190,male,95.3,78,76,5,3,3,0,0,1,0,1,E
0191,female,92.3,75,78,5,3,3,1,1,1,0,0,G
0192,female,98.3,81,90,5,4,5,1,1,1,0,0,G
0193,female,89.2,72,81,4,3,4,0,1,1,1,0,A
0194,male,94.2,77,77,5,3,3,1,1,1,0,0,C
0195,female,88.2,71,74,4,3,3,0,1,0,0,0,D
0196,female,95.2,78,81,5,3,4,0,1,0,1,0,F
0197,female,84.1,67,68,4,2,2,0,1,1,1,0,A
0198,female,97.1,80,90,5,4,5,0,1,1,1,0,A
0199,male,87.1,70,71,4,3,3,1,1,1,0,0,C
0200,male,95.1,78,91,5,3,5,1,1,1,0,0,C
0201,female,97.1,80,95,5,4,5,1,1,1,0,0,C
0202,male,77.1,60,60,3,2,2,0,1,0,0,0,D
0203,female,83.1,66,70,4,2,3,0,1,0,0,0,D
0204,male,85.1,68,70,4,2,3,0,1,0,1,0,F
0205,male,90.1,73,75,5,3,3,0,1,0,1,0,F
0206,female,91,74,86,5,3,4,0,1,1,1,0,A
0207,female,91,74,75,5,3,3,1,1,1,0,0,C
0208,female,85,68,67,4,2,2,0,1,0,0,0,D
0209,male,83,66,80,4,2,4,0,0,1,0,1,E
0210,female,93,76,80,5,3,4,0,1,0,1,0,F
0211,female,87,70,70,4,3,3,1,1,1,0,0,G
0212,female,95,78,90,5,3,5,1,1,1,0,0,G
0213,female,87.9,71,99,4,3,5,0,1,1,1,0,A
0214,female,88.9,72,84,4,3,4,0,1,1,1,0,A
0215,male,91.9,75,85,5,3,4,0,1,1,1,0,A
0216,female,96.9,80,82,5,4,4,0,0,1,1,1,B
0217,female,86.9,70,78,4,3,3,1,1,1,0,0,C
0218,male,91.9,75,78,5,3,3,1,1,1,0,0,C
0219,female,94.9,78,80,5,3,4,1,1,1,0,0,C
0220,female,90.9,74,74,5,3,3,0,1,0,0,0,D
0221,male,86.9,70,72,4,3,3,0,0,1,0,1,E
0222,female,87.9,71,84,4,3,4,1,1,1,0,0,G
0223,female,97.9,81,78,5,4,3,1,1,1,0,0,G
0224,male,91.8,75,74,5,3,3,0,0,1,1,1,B
0225,female,91.8,75,73,5,3,3,1,1,1,0,0,C
0226,female,88.8,72,70,4,3,3,0,1,0,0,0,D
0227,male,89.7,73,90,4,3,5,0,1,1,1,0,A
0228,female,81.7,65,75,4,2,3,0,1,0,0,0,D
0229,female,82.7,66,80,4,2,4,0,0,1,0,1,E
0230,male,90.7,74,80,5,3,4,0,0,1,0,1,E
0231,male,86.7,70,75,4,3,3,0,1,0,1,0,F
0232,female,86.7,70,85,4,3,4,1,1,1,0,0,G
0233,female,96.6,80,90,5,4,5,0,1,1,1,0,A
0234,male,82.6,66,87,4,2,4,0,0,1,0,1,E
0235,male,84.6,68,81,4,2,4,0,0,1,0,1,E
0236,male,92.5,76,80,5,3,4,0,1,1,1,0,A
0237,female,96.5,80,90,5,4,5,0,1,1,1,0,A
0238,male,91.5,75,94,5,3,5,1,1,1,0,0,C
0239,male,94.5,78,90,5,3,5,1,1,1,0,0,C
0240,male,86.5,70,76,4,3,3,0,1,0,1,0,F
0241,female,96.5,80,90,5,4,5,1,1,1,0,0,G
0242,male,94.4,78,83,5,3,4,0,1,1,1,0,A
0243,female,97.4,81,90,5,4,5,0,1,1,1,0,A
0244,female,98.4,82,89,5,4,4,0,1,1,1,0,A
0245,male,90.4,74,90,5,3,5,0,0,1,1,1,B
0246,female,86.4,70,73,4,3,3,1,1,1,0,0,C
0247,female,87.4,71,76,4,3,3,1,1,1,0,0,C
0248,male,76.4,60,71,3,2,3,0,1,0,0,0,D
0249,male,76.4,60,77,3,2,3,0,1,0,0,0,D
0250,male,88.4,72,85,4,3,4,0,1,0,0,0,D
0251,male,96.4,80,85,5,4,4,0,1,0,1,0,F
0252,male,89.3,73,88,4,3,4,0,1,1,1,0,A
0253,female,87.3,71,73,4,3,3,1,1,1,0,0,C
0254,male,94.3,78,82,5,3,4,1,1,1,0,0,C
0255,female,79.3,63,60,3,2,2,0,1,0,0,0,D
0256,female,84.3,68,67,4,2,2,0,1,0,0,0,D
0257,male,92.3,76,91,5,3,5,0,1,0,1,0,F
0258,male,92.3,76,74,5,3,3,1,1,1,0,0,G
0259,female,94.3,78,84,5,3,4,1,1,1,0,0,G
0260,male,96.3,80,93,5,4,5,1,1,1,0,0,G
0261,female,98.3,82,97,5,4,5,1,1,1,0,0,G
0262,female,81.2,65,91,4,2,5,0,1,1,1,0,A
0263,male,94.2,78,80,5,3,4,0,1,1,1,0,A
0264,male,96.2,80,84,5,4,4,0,0,1,1,1,B
0265,female,88.2,72,86,4,3,4,1,1,1,0,0,C
0266,female,90.2,74,77,5,3,3,1,1,1,0,0,C
0267,male,94.2,78,81,5,3,4,1,1,1,0,0,C
0268,female,96.2,80,99,5,4,5,0,1,0,0,0,D
0269,female,96.2,80,81,5,4,4,0,1,0,0,0,D
0270,female,91.2,75,74,5,3,3,0,1,0,1,0,F
0271,male,91.2,75,84,5,3,4,0,1,0,1,0,F
0272,female,93.2,77,81,5,3,4,0,1,0,1,0,F
0273,male,89.2,73,76,4,3,3,1,1,1,0,0,G
0274,female,96.2,80,88,5,4,4,1,1,1,0,0,G
0275,male,89.1,73,81,4,3,4,0,1,1,1,0,A
0276,female,96.1,80,93,5,4,5,0,0,1,1,1,B
0277,female,92.1,76,93,5,3,5,1,1,1,0,0,C
0278,female,97.1,81,86,5,4,4,1,1,1,0,0,C
0279,male,77.1,61,84,3,2,4,0,1,0,0,0,D
0280,female,81.1,65,74,4,2,3,0,1,0,0,0,D
0281,male,90.1,74,85,5,3,4,0,1,0,0,0,D
0282,male,93.1,77,85,5,3,4,1,1,1,0,0,G
0283,male,94.1,78,80,5,3,4,1,1,1,0,0,G
0284,female,89,73,82,4,3,4,0,1,1,1,0,A
0285,male,94,78,93,5,3,5,0,1,1,1,0,A
0286,female,97,81,87,5,4,4,0,1,1,1,0,A
0287,female,93,77,88,5,3,4,0,0,1,1,1,B
0288,male,93,77,80,5,3,4,1,1,1,0,0,C
0289,female,94,78,85,5,3,4,1,1,1,0,0,C
0290,male,96,80,88,5,4,4,1,1,1,0,0,C
0291,male,96,80,77,5,4,3,1,1,1,0,0,C
0292,male,81,65,65,4,2,2,0,1,0,0,0,D
0293,female,87,71,78,4,3,3,0,1,0,1,0,F
0294,female,92,76,74,5,3,3,0,1,0,1,0,F
0295,female,91,75,73,5,3,3,1,1,1,0,0,G
0296,male,91,75,80,5,3,4,1,1,1,0,0,G
0297,female,92,76,86,5,3,4,1,1,1,0,0,G
0298,female,96,80,85,5,4,4,1,1,1,0,0,G
0299,female,91.9,76,83,5,3,4,0,1,1,1,0,A
0300,male,98.9,83,82,5,4,4,0,1,1,1,0,A
0301,female,88.9,73,83,4,3,4,1,1,1,0,0,C
0302,female,95.9,80,80,5,4,4,1,1,1,0,0,C
0303,male,86.9,71,80,4,3,4,0,1,0,0,0,D
0304,female,93.9,78,74,5,3,3,0,1,0,0,0,D
0305,male,85.9,70,71,4,3,3,0,1,0,1,0,F
0306,female,85.9,70,92,4,3,5,1,1,1,0,0,G
0307,male,89.8,74,84,4,3,4,0,1,1,1,0,A
0308,male,95.8,80,85,5,4,4,0,1,1,1,0,A
0309,male,95.8,80,81,5,4,4,0,1,1,1,0,A
0310,female,95.8,80,92,5,4,5,0,1,1,1,0,A
0311,female,96.8,81,90,5,4,5,0,1,1,1,0,A
0312,female,95.8,80,80,5,4,4,1,1,1,0,0,C
0313,male,97.8,82,82,5,4,4,1,1,1,0,0,C
0314,male,85.8,70,70,4,3,3,0,0,1,0,1,E
0315,male,87.8,72,70,4,3,3,0,1,0,1,0,F
0316,male,91.8,76,83,5,3,4,1,1,1,0,0,G
0317,male,83.7,68,82,4,2,4,0,1,1,1,0,A
0318,male,87.7,72,74,4,3,3,0,1,1,1,0,A
0319,male,95.7,80,81,5,4,4,0,1,1,1,0,A
0320,male,95.7,80,88,5,4,4,0,0,1,1,1,B
0321,male,91.7,76,80,5,3,4,1,1,1,0,0,C
0322,female,95.7,80,90,5,4,5,1,1,1,0,0,C
0323,female,96.7,81,80,5,4,4,1,1,1,0,0,C
0324,female,97.7,82,92,5,4,5,1,1,1,0,0,C
0325,male,79.7,64,77,3,2,3,0,1,0,0,0,D
0326,female,91.7,76,92,5,3,5,0,1,0,0,0,D
0327,female,92.7,77,76,5,3,3,0,1,0,0,0,D
0328,female,95.7,80,90,5,4,5,0,1,0,0,0,D
0329,male,83.7,68,70,4,2,3,0,0,1,0,1,E
0330,male,92.7,77,82,5,3,4,0,0,1,0,1,E
0331,male,83.7,68,97,4,2,5,0,1,0,1,0,F
0332,male,88.7,73,81,4,3,4,0,1,0,1,0,F
0333,female,95.7,80,84,5,4,4,1,1,1,0,0,G
0334,male,90.6,75,75,5,3,3,0,1,1,1,0,A
0335,female,90.6,75,83,5,3,4,0,1,1,1,0,A
0336,female,95.6,80,93,5,4,5,0,1,1,1,0,A
0337,male,91.6,76,74,5,3,3,1,1,1,0,0,C
0338,female,95.6,80,85,5,4,4,1,1,1,0,0,C
0339,male,96.6,81,86,5,4,4,1,1,1,0,0,C
0340,male,97.6,82,93,5,4,5,1,1,1,0,0,C
0341,male,85.6,70,67,4,3,2,0,1,0,0,0,D
0342,female,96.6,81,86,5,4,4,1,1,1,0,0,G
0343,male,92.5,77,87,5,3,4,1,1,1,0,0,C
0344,female,97.5,82,91,5,4,5,1,1,1,0,0,C
0345,female,96.5,81,84,5,4,4,1,1,1,0,0,G
0346,male,88.4,73,70,4,3,3,0,0,1,1,1,B
0347,female,89.4,74,90,4,3,5,0,0,1,1,1,B
0348,female,92.4,77,84,5,3,4,0,0,1,1,1,B
0349,male,96.4,81,80,5,4,4,0,0,1,1,1,B
0350,female,90.4,75,81,5,3,4,1,1,1,0,0,C
0351,male,95.4,80,80,5,4,4,1,1,1,0,0,C
0352,female,79.4,64,62,3,2,2,0,1,0,0,0,D
0353,male,91.4,76,80,5,3,4,0,1,0,0,0,D
0354,male,93.4,78,83,5,3,4,0,1,0,0,0,D
0355,male,95.4,80,80,5,4,4,0,0,1,0,1,E
0356,female,95.4,80,93,5,4,5,0,0,1,0,1,E
0357,male,89.4,74,70,4,3,3,0,1,0,1,0,F
0358,male,91.4,76,85,5,3,4,0,1,0,1,0,F
0359,female,95.4,80,80,5,4,4,1,1,1,0,0,G
0360,female,96.3,81,90,5,4,5,0,1,1,1,0,A
0361,male,93.3,78,75,5,3,3,0,0,1,1,1,B
0362,male,87.3,72,82,4,3,4,1,1,1,0,0,C
0363,male,96.3,81,77,5,4,3,1,1,1,0,0,C
0364,female,83.3,68,80,4,2,4,0,1,0,1,0,F
0365,female,98.3,83,91,5,4,5,0,1,0,1,0,F
0366,male,87.3,72,80,4,3,4,1,1,1,0,0,G
0367,female,95.3,80,91,5,4,5,1,1,1,0,0,G
0368,female,98.3,83,90,5,4,5,1,1,1,0,0,G
0369,female,91.2,76,80,5,3,4,0,0,1,1,1,B
0370,female,92.2,77,81,5,3,4,1,1,1,0,0,C
0371,female,95.2,80,80,5,4,4,1,1,1,0,0,C
0372,male,89.2,74,76,4,3,3,0,1,0,0,0,D
0373,male,81.2,66,68,4,2,2,0,0,1,0,1,E
0374,male,83.2,68,72,4,2,3,0,0,1,0,1,E
0375,male,97.2,82,85,5,4,4,0,0,1,0,1,E
0376,male,85.2,70,80,4,3,4,0,1,0,1,0,F
0377,male,90.2,75,71,5,3,3,0,1,0,1,0,F
0378,female,96.2,81,88,5,4,4,1,1,1,0,0,G
0379,female,97.2,82,90,5,4,5,1,1,1,0,0,G
0380,female,93.1,78,76,5,3,3,0,1,1,1,0,A
0381,female,95.1,80,82,5,4,4,0,1,1,1,0,A
0382,male,93.1,78,75,5,3,3,0,0,1,1,1,B
0383,female,89.1,74,78,4,3,3,1,1,1,0,0,C
0384,male,90.1,75,80,5,3,4,1,1,1,0,0,C
0385,female,92.1,77,83,5,3,4,1,1,1,0,0,C
0386,female,85.1,70,67,4,3,2,0,1,0,0,0,D
0387,female,89.1,74,85,4,3,4,0,1,0,0,0,D
0388,male,86.1,71,85,4,3,4,1,1,1,0,0,G
0389,female,93.1,78,86,5,3,4,1,1,1,0,0,G
0390,female,96.1,81,83,5,4,4,1,1,1,0,0,G
0391,female,98.1,83,90,5,4,5,1,1,1,0,0,G
0392,male,89,74,70,4,3,3,0,1,1,1,0,A
0393,female,95,80,93,5,4,5,0,1,1,1,0,A
0394,female,91,76,85,5,3,4,1,1,1,0,0,C
0395,male,97,82,82,5,4,4,1,1,1,0,0,C
0396,male,75,60,68,3,2,2,0,1,0,0,0,D
0397,female,83,68,75,4,2,3,0,1,0,0,0,D
0398,female,95,80,86,5,4,4,1,1,1,0,0,G
0399,male,94.9,80,90,5,4,5,0,1,1,1,0,A
0400,female,96.9,82,77,5,4,3,0,1,1,1,0,A
0401,male,90.9,76,86,5,3,4,1,1,1,0,0,C
0402,male,94.9,80,95,5,4,5,1,1,1,0,0,C
0403,male,94.9,80,83,5,4,4,1,1,1,0,0,C
0404,male,94.9,80,97,5,4,5,1,1,1,0,0,C
0405,female,95.9,81,80,5,4,4,1,1,1,0,0,C
0406,male,95.9,81,80,5,4,4,1,1,1,0,0,C
0407,female,77.9,63,61,3,2,2,0,1,0,0,0,D
0408,female,87.9,73,77,4,3,3,0,1,0,0,0,D
0409,female,90.9,76,82,5,3,4,0,1,0,1,0,F
0410,male,94.9,80,90,5,4,5,0,1,0,1,0,F
0411,female,86.9,72,84,4,3,4,1,1,1,0,0,G
0412,female,94.9,80,88,5,4,4,1,1,1,0,0,G
0413,male,91.8,77,78,5,3,3,0,0,1,1,1,B
0414,male,90.8,76,77,5,3,3,1,1,1,0,0,C
0415,male,94.8,80,90,5,4,5,1,1,1,0,0,C
0416,male,96.8,82,84,5,4,4,1,1,1,0,0,C
0417,male,90.8,76,80,5,3,4,0,0,1,0,1,E
0418,female,95.8,81,88,5,4,4,1,1,1,0,0,G
0419,male,91.7,77,72,5,3,3,0,1,1,1,0,A
0420,female,95.7,81,80,5,4,4,0,1,1,1,0,A
0421,male,91.7,77,76,5,3,3,1,1,1,0,0,C
0422,male,89.7,75,74,4,3,3,0,1,0,0,0,D
0423,male,89.7,75,84,4,3,4,0,1,0,1,0,F
0424,female,90.7,76,72,5,3,3,0,1,0,1,0,F
0425,female,94.7,80,82,5,4,4,1,1,1,0,0,G
0426,female,92.6,78,88,5,3,4,0,1,1,1,0,A
0427,female,92.6,78,74,5,3,3,0,1,1,1,0,A
0428,female,90.6,76,74,5,3,3,1,1,1,0,0,C
0429,male,94.6,80,87,5,4,4,1,1,1,0,0,C
0430,female,94.6,80,81,5,4,4,1,1,1,0,0,C
0431,male,95.6,81,90,5,4,5,1,1,1,0,0,C
0432,female,84.6,70,70,4,3,3,0,1,0,0,0,D
0433,male,84.6,70,65,4,3,2,0,0,1,0,1,E
0434,female,94.5,80,88,5,4,4,0,1,1,1,0,A
0435,female,94.5,80,81,5,4,4,0,1,1,1,0,A
0436,male,91.5,77,88,5,3,4,1,1,1,0,0,C
0437,male,94.5,80,83,5,4,4,1,1,1,0,0,C
0438,female,95.5,81,81,5,4,4,1,1,1,0,0,C
0439,male,90.5,76,90,5,3,5,0,0,1,0,1,E
0440,female,91.5,77,72,5,3,3,0,0,1,0,1,E
0441,male,92.5,78,81,5,3,4,0,0,1,0,1,E
0442,male,94.5,80,80,5,4,4,0,1,0,1,0,F
0443,female,95.5,81,82,5,4,4,1,1,1,0,0,G
0444,male,90.4,76,80,5,3,4,0,1,1,1,0,A
0445,male,95.4,81,82,5,4,4,1,1,1,0,0,C
0446,male,96.4,82,80,5,4,4,1,1,1,0,0,C
0447,male,96.4,82,82,5,4,4,1,1,1,0,0,C
0448,male,74.4,60,70,3,2,3,0,1,0,0,0,D
0449,male,84.4,70,75,4,3,3,0,1,0,0,0,D
0450,male,90.4,76,82,5,3,4,0,0,1,0,1,E
0451,female,91.3,77,90,5,3,5,0,1,1,1,0,A
0452,female,94.3,80,83,5,4,4,0,1,1,1,0,A
0453,male,95.3,81,82,5,4,4,0,1,1,1,0,A
0454,female,96.3,82,87,5,4,4,0,0,1,1,1,B
0455,male,92.3,78,86,5,3,4,1,1,1,0,0,C
0456,male,94.3,80,88,5,4,4,1,1,1,0,0,C
0457,male,94.3,80,78,5,4,3,0,1,0,1,0,F
0458,male,96.3,82,99,5,4,5,0,1,0,1,0,F
0459,male,95.3,81,84,5,4,4,1,1,1,0,0,G
0460,female,96.3,82,82,5,4,4,1,1,1,0,0,G
0461,male,94.2,80,81,5,4,4,0,1,1,1,0,A
0462,male,94.2,80,93,5,4,5,0,0,1,1,1,B
0463,male,86.2,72,76,4,3,3,1,1,1,0,0,C
0464,female,89.2,75,72,4,3,3,1,1,1,0,0,C
0465,male,93.2,79,74,5,3,3,1,1,1,0,0,C
0466,male,94.2,80,81,5,4,4,1,1,1,0,0,C
0467,female,88.2,74,83,4,3,4,0,1,0,0,0,D
0468,male,94.2,80,90,5,4,5,0,1,0,0,0,D
0469,female,87.2,73,86,4,3,4,0,1,0,1,0,F
0470,female,94.2,80,84,5,4,4,0,1,0,1,0,F
0471,female,96.2,82,84,5,4,4,1,1,1,0,0,G
0472,male,85.1,71,68,4,3,2,0,1,1,1,0,A
0473,male,89.1,75,72,4,3,3,0,1,1,1,0,A
0474,male,91.1,77,82,5,3,4,0,0,1,1,1,B
0475,male,94.1,80,83,5,4,4,0,0,1,1,1,B
0476,male,94.1,80,82,5,4,4,1,1,1,0,0,C
0477,male,96.1,82,86,5,4,4,1,1,1,0,0,C
0478,female,89.1,75,73,4,3,3,0,1,0,0,0,D
0479,male,94.1,80,80,5,4,4,0,1,0,0,0,D
0480,male,96.1,82,80,5,4,4,0,0,1,0,1,E
0481,male,96,82,91,5,4,5,0,1,1,1,0,A
0482,female,96,82,87,5,4,4,0,0,1,1,1,B
0483,male,94,80,80,5,4,4,0,1,0,0,0,D
0484,female,94,80,80,5,4,4,1,1,1,0,0,G
0485,female,95,81,95,5,4,5,1,1,1,0,0,G
0486,female,93.9,80,85,5,4,4,0,1,1,1,0,A
0487,female,85.1,99,71,4,5,3,0,1,0,0,0,D
0488,male,83.9,70,93,4,3,5,0,0,1,0,1,E
0489,male,89.9,76,76,4,3,3,1,1,1,0,0,G
0490,male,89.9,76,85,4,3,4,1,1,1,0,0,G
0491,female,96.9,83,85,5,4,4,1,1,1,0,0,G
0492,male,87.8,74,75,4,3,3,0,1,1,1,0,A
0493,female,88.8,75,78,4,3,3,0,1,1,1,0,A
0494,male,91.8,78,81,5,3,4,0,1,1,1,0,A
0495,female,94.8,81,90,5,4,5,0,1,1,1,0,A
0496,male,95.8,82,90,5,4,5,0,1,1,1,0,A
0497,female,97.8,84,93,5,4,5,0,1,1,1,0,A
0498,female,93.8,80,80,5,4,4,1,1,1,0,0,C
0499,female,94.8,81,80,5,4,4,1,1,1,0,0,C
0500,male,94.8,81,82,5,4,4,1,1,1,0,0,C
0501,male,96.8,83,83,5,4,4,1,1,1,0,0,C
0502,female,80.8,67,65,4,2,2,0,1,0,0,0,D
0503,male,83.8,70,68,4,3,2,0,1,0,0,0,D
0504,male,81.8,68,75,4,2,3,0,1,0,1,0,F
0505,male,86.8,73,75,4,3,3,0,1,0,1,0,F
0506,male,93.8,80,80,5,4,4,1,1,1,0,0,G
0507,male,81.7,68,65,4,2,2,0,1,1,1,0,A
0508,female,90.7,77,90,5,3,5,0,1,1,1,0,A
0509,male,91.7,78,81,5,3,4,0,1,1,1,0,A
0510,female,93.7,80,85,5,4,4,0,1,1,1,0,A
0511,female,94.7,81,85,5,4,4,0,1,1,1,0,A
0512,female,91.7,78,78,5,3,3,1,1,1,0,0,C
0513,male,88.7,75,72,4,3,3,0,1,0,0,0,D
0514,male,85.7,72,75,4,3,3,0,1,0,1,0,F
0515,female,89.6,76,71,4,3,3,0,1,1,1,0,A
0516,male,90.6,77,82,5,3,4,0,1,1,1,0,A
0517,male,93.6,80,81,5,4,4,0,1,1,1,0,A
0518,female,93.6,80,77,5,4,3,0,1,1,1,0,A
0519,male,94.6,81,82,5,4,4,0,1,1,1,0,A
0520,male,82.4,96,87,4,5,4,0,0,1,1,1,B
0521,male,93.6,80,81,5,4,4,0,0,1,1,1,B
0522,male,95.6,82,85,5,4,4,1,1,1,0,0,C
0523,male,83.6,70,94,4,3,5,0,1,0,0,0,D
0524,female,83.6,70,83,4,3,4,0,1,0,0,0,D
0525,male,83.6,70,75,4,3,3,0,0,1,0,1,E
0526,male,93.6,80,81,5,4,4,0,0,1,0,1,E
0527,male,83.6,70,80,4,3,4,0,1,0,1,0,F
0528,male,88.6,75,94,4,3,5,0,1,0,1,0,F
0529,male,89.6,76,81,4,3,4,0,1,0,1,0,F
0530,female,94.6,81,81,5,4,4,0,1,0,1,0,F
0531,male,97.6,84,80,5,4,4,0,1,0,1,0,F
0532,female,93.6,80,77,5,4,3,1,1,1,0,0,G
0533,male,93.5,80,78,5,4,3,0,0,1,1,1,B
0534,male,83.5,70,83,4,3,4,1,1,1,0,0,C
0535,female,95.5,82,84,5,4,4,1,1,1,0,0,C
0536,male,87.5,74,91,4,3,5,0,0,1,0,1,E
0537,male,93.5,80,82,5,4,4,0,1,0,1,0,F
0538,female,95.5,82,86,5,4,4,0,1,0,1,0,F
0539,female,93.4,80,83,5,4,4,0,1,1,1,0,A
0540,male,96.4,83,80,5,4,4,0,0,1,1,1,B
0541,male,84.4,71,66,4,3,2,0,0,1,0,1,E
0542,male,89.4,76,74,4,3,3,0,0,1,0,1,E
0543,male,95.4,82,87,5,4,4,0,0,1,0,1,E
0544,male,86.4,73,72,4,3,3,0,1,0,1,0,F
0545,male,87.4,74,84,4,3,4,1,1,1,0,0,G
0546,female,91.3,78,77,5,3,3,0,0,1,1,1,B
0547,male,91.3,78,81,5,3,4,0,0,1,1,1,B
0548,female,93.3,80,90,5,4,5,1,1,1,0,0,C
0549,female,98.3,85,90,5,4,5,1,1,1,0,0,C
0550,male,84.3,71,83,4,3,4,0,1,0,1,0,F
0551,male,95.3,82,90,5,4,5,0,1,0,1,0,F
0552,female,91.3,78,82,5,3,4,1,1,1,0,0,G
0553,female,93.3,80,80,5,4,4,1,1,1,0,0,G
0554,female,90.2,77,82,5,3,4,0,1,1,1,0,A
0555,male,86.2,73,80,4,3,4,0,0,1,1,1,B
0556,male,91.2,78,80,5,3,4,0,0,1,1,1,B
0557,female,93.2,80,86,5,4,4,0,0,1,1,1,B
0558,male,90.2,77,80,5,3,4,1,1,1,0,0,C
0559,male,93.2,80,84,5,4,4,1,1,1,0,0,C
0560,male,81.2,68,72,4,2,3,0,1,0,0,0,D
0561,male,87.1,74,82,4,3,4,0,1,1,1,0,A
0562,male,87.1,74,87,4,3,4,0,1,1,1,0,A
0563,female,93.1,80,75,5,4,3,0,1,1,1,0,A
0564,female,95.1,82,88,5,4,4,0,1,1,1,0,A
0565,female,96.1,83,80,5,4,4,1,1,1,0,0,G
0566,male,86,73,80,4,3,4,0,1,1,1,0,A
0567,male,95,82,84,5,4,4,0,1,1,1,0,A
0568,male,97,84,82,5,4,4,0,0,1,1,1,B
0569,female,91,78,91,5,3,5,1,1,1,0,0,C
0570,male,91,78,80,5,3,4,1,1,1,0,0,C
0571,female,93,80,88,5,4,4,1,1,1,0,0,C
0572,female,95,82,82,5,4,4,1,1,1,0,0,C
0573,male,83,70,72,4,3,3,0,1,0,0,0,D
0574,male,83,70,72,4,3,3,0,0,1,0,1,E
0575,male,96,83,76,5,4,3,0,1,0,1,0,F
0576,male,88,75,95,4,3,5,1,1,1,0,0,G
0577,male,94,81,90,5,4,5,1,1,1,0,0,G
0578,male,93.9,81,90,5,4,5,0,1,1,1,0,A
0579,female,95.9,83,84,5,4,4,0,1,1,1,0,A
0580,male,97.9,85,90,5,4,5,0,1,1,1,0,A
0581,female,92.9,80,84,5,4,4,0,0,1,1,1,B
0582,male,93.9,81,80,5,4,4,0,0,1,1,1,B
0583,male,96.9,84,93,5,4,5,0,0,1,1,1,B
0584,female,87.9,75,92,4,3,5,0,1,0,0,0,C
0585,male,92.9,80,87,5,4,4,1,1,1,0,0,C
0586,male,92.9,80,77,5,4,3,1,1,1,0,0,C
0587,male,92.9,80,81,5,4,4,1,1,1,0,0,C
0588,male,92.9,80,87,5,4,4,1,1,1,0,0,C
0589,male,83.9,71,75,4,3,3,0,1,0,1,0,F
0590,female,85.9,73,78,4,3,3,0,1,0,1,0,F
0591,female,90.9,78,76,5,3,3,1,1,1,0,0,G
0592,female,92.9,80,82,5,4,4,1,1,1,0,0,G
0593,female,97.9,85,86,5,4,4,1,1,1,0,0,G
0594,female,87.8,75,71,4,3,3,0,1,1,1,0,A
0595,male,92.8,80,75,5,4,3,0,1,1,1,0,A
0596,male,95.8,83,82,5,4,4,0,1,1,1,0,A
0597,male,90.8,78,88,5,3,4,1,1,1,0,0,C
0598,female,92.8,80,77,5,4,3,1,1,1,0,0,C
0599,male,99.8,87,81,5,4,4,1,1,1,0,0,C
0600,female,82.8,70,72,4,3,3,0,1,0,0,0,D
0601,male,89.8,77,80,4,3,4,0,1,0,1,0,F
0602,male,97.8,85,87,5,4,4,0,1,0,1,0,F
0603,female,94.7,82,83,5,4,4,0,1,1,1,0,A
0604,female,78.7,66,77,3,2,3,0,1,0,0,0,D
0605,female,86.7,74,76,4,3,3,0,1,0,0,0,D
0606,male,83.7,71,67,4,3,2,0,1,0,1,0,F
0607,male,87.7,75,84,4,3,4,0,1,0,1,0,F
0608,male,94.7,82,86,5,4,4,0,1,0,1,0,F
0609,female,94.7,82,92,5,4,5,1,1,1,0,0,G
0610,female,95.7,83,82,5,4,4,1,1,1,0,0,G
0611,male,94.6,82,75,5,4,3,0,1,1,1,0,A
0612,male,96.6,84,88,5,4,4,0,1,1,1,0,A
0613,male,93.6,81,80,5,4,4,0,0,1,1,1,B
0614,male,92.6,80,81,5,4,4,1,1,1,0,0,C
0615,male,88.6,76,70,4,3,3,0,1,0,1,0,F
0616,female,96.6,84,93,5,4,5,1,1,1,0,0,G
0617,male,92.5,80,81,5,4,4,1,1,1,0,0,C
0618,male,86.5,74,70,4,3,3,0,0,1,0,1,E
0619,female,89.5,77,81,4,3,4,1,1,1,0,0,G
0620,female,89.4,77,97,4,3,5,0,1,1,1,0,A
0621,female,96.4,84,82,5,4,4,0,0,1,1,1,B
0622,female,82.4,70,84,4,3,4,0,1,0,0,0,C
0623,female,92.4,80,85,5,4,4,1,1,1,0,0,C
0624,male,92.4,80,82,5,4,4,1,1,1,0,0,C
0625,male,93.4,81,84,5,4,4,1,1,1,0,0,C
0626,female,93.4,81,93,5,4,5,0,1,0,0,0,C
0627,female,82.4,70,73,4,3,3,0,1,0,0,0,D
0628,male,87.4,75,76,4,3,3,0,1,0,1,0,F
0629,male,90.4,78,91,5,3,5,0,1,0,1,0,F
0630,male,92.4,80,80,5,4,4,0,1,0,1,0,F
0631,male,92.3,80,84,5,4,4,0,1,1,1,0,A
0632,female,92.3,80,80,5,4,4,0,0,1,1,1,B
0633,male,88.3,76,81,4,3,4,1,1,1,0,0,C
0634,female,98.3,86,91,5,4,5,1,1,1,0,0,C
0635,male,86.3,74,88,4,3,4,0,1,0,0,0,D
0636,male,98.3,86,93,5,4,5,0,1,0,1,0,F
0637,female,95.2,83,82,5,4,4,0,1,1,1,0,A
0638,male,93.2,81,93,5,4,5,0,0,1,1,1,B
0639,male,98.2,86,86,5,4,4,0,0,1,1,1,B
0640,female,95.2,83,96,5,4,5,1,1,1,0,0,C
0641,female,98.2,86,87,5,4,4,1,1,1,0,0,C
0642,female,89.2,77,77,4,3,3,0,1,0,0,0,D
0643,male,84.2,72,78,4,3,3,0,0,1,0,1,E
0644,male,82.2,70,80,4,3,4,0,1,0,1,0,F
0645,female,92.2,80,75,5,4,3,0,1,0,1,0,F
0646,female,94.2,82,82,5,4,4,1,1,1,0,0,G
0647,male,89.1,77,81,4,3,4,0,1,1,1,0,A
0648,female,92.1,80,81,5,4,4,0,1,1,1,0,A
0649,male,94.1,82,90,5,4,5,0,1,1,1,0,A
0650,female,96.1,84,87,5,4,4,0,1,1,1,0,A
0651,female,96.1,84,81,5,4,4,0,1,1,1,0,A
0652,male,87.1,75,86,4,3,4,0,0,1,1,1,B
0653,male,96.1,84,87,5,4,4,0,0,1,1,1,B
0654,male,93.1,81,85,5,4,4,1,1,1,0,0,C
0655,male,93.1,81,86,5,4,4,1,1,1,0,0,C
0656,female,93.1,81,75,5,4,3,0,1,0,0,0,C
0657,male,94.1,82,75,5,4,3,1,1,1,0,0,C
0658,female,96.1,84,86,5,4,4,1,1,1,0,0,C
0659,female,97.1,85,87,5,4,4,1,1,1,0,0,C
0660,male,78.9,91,80,3,5,4,0,1,0,0,0,D
0661,female,95.1,83,88,5,4,4,1,1,1,0,0,G
0662,female,97.1,85,78,5,4,3,1,1,1,0,0,G
0663,female,97.1,85,81,5,4,4,1,1,1,0,0,G
0664,male,87,75,80,4,3,4,0,1,1,1,0,A
0665,male,89,77,90,4,3,5,0,1,1,1,0,A
0666,male,99,87,96,5,4,5,0,0,1,1,1,B
0667,male,92,80,83,5,4,4,1,1,1,0,0,C
0668,female,92,80,82,5,4,4,1,1,1,0,0,C
0669,female,94,82,82,5,4,4,1,1,1,0,0,C
0670,male,90,78,77,5,3,3,0,0,1,0,1,E
0671,female,92,80,80,5,4,4,0,1,0,1,0,F
0672,male,92,80,85,5,4,4,0,1,0,1,0,F
0673,female,94,82,75,5,4,3,1,1,1,0,0,G
0674,male,94,82,85,5,4,4,1,1,1,0,0,G
0675,male,92.9,81,83,5,4,4,0,1,1,1,0,A
0676,female,96.9,85,99,5,4,5,0,1,1,1,0,A
0677,female,93.9,82,86,5,4,4,1,1,1,0,0,C
0678,male,91.9,80,92,5,4,5,0,1,0,0,0,D
0679,male,91.9,80,84,5,4,4,0,0,1,0,1,E
0680,female,86.8,75,81,4,3,4,0,1,1,1,0,A
0681,female,96.8,85,84,5,4,4,0,1,1,1,0,A
0682,male,91.8,80,74,5,4,3,0,0,1,1,1,B
0683,male,92.8,81,75,5,4,3,0,0,1,1,1,B
0684,male,94.8,83,82,5,4,4,0,0,1,1,1,B
0685,male,91.8,80,80,5,4,4,1,1,1,0,0,C
0686,male,97.8,86,94,5,4,5,1,1,1,0,0,C
0687,female,89.8,78,78,4,3,3,0,1,0,1,0,F
0688,male,93.8,82,77,5,4,3,0,1,0,1,0,F
0689,male,91.8,80,78,5,4,3,1,1,1,0,0,G
0690,female,92.7,81,92,5,4,5,0,1,1,1,0,A
0691,female,96.7,85,90,5,4,5,1,1,1,0,0,C
0692,female,96.7,85,82,5,4,4,1,1,1,0,0,C
0693,male,89.7,78,72,4,3,3,1,1,1,0,0,G
0694,male,91.6,80,99,5,4,5,0,1,1,1,0,A
0695,male,91.6,80,83,5,4,4,0,1,1,1,0,A
0696,female,98.6,87,91,5,4,5,0,1,1,1,0,A
0697,male,86.4,98,97,4,5,5,0,0,1,1,1,B
0698,male,95.6,84,87,5,4,4,0,0,1,1,1,B
0699,male,92.6,81,83,5,4,4,1,1,1,0,0,C
0700,male,66.6,55,55,2,0,0,0,1,0,0,0,D
0701,male,95.6,84,82,5,4,4,0,0,1,0,1,E
0702,female,96.6,85,93,5,4,5,1,1,1,0,0,G
0703,male,97.5,86,90,5,4,5,0,1,1,1,0,A
0704,male,92.5,81,76,5,4,3,0,0,1,1,1,B
0705,male,92.5,81,76,5,4,3,0,0,1,1,1,B
0706,male,94.5,83,84,5,4,4,0,0,1,1,1,B
0707,female,97.5,86,80,5,4,4,1,1,1,0,0,C
0708,male,95.5,84,96,5,4,5,0,1,0,0,0,D
0709,female,89.5,78,80,4,3,4,0,1,0,1,0,F
0710,female,94.5,83,85,5,4,4,1,1,1,0,0,G
0711,male,97.4,86,96,5,4,5,0,1,1,1,0,A
0712,male,92.4,81,92,5,4,5,1,1,1,0,0,C
0713,male,96.4,85,84,5,4,4,1,1,1,0,0,C
0714,male,82.4,71,67,4,3,2,0,1,0,0,0,D
0715,male,92.4,81,73,5,4,3,0,1,0,1,0,F
0716,female,93.4,82,80,5,4,4,1,1,1,0,0,G
0717,female,95.4,84,84,5,4,4,1,1,1,0,0,G
0718,male,96.4,85,83,5,4,4,1,1,1,0,0,G
0719,female,96.3,85,94,5,4,5,0,1,1,1,0,A
0720,male,93.3,82,93,5,4,5,1,1,1,0,0,C
0721,male,97.3,86,82,5,4,4,1,1,1,0,0,C
0722,female,98.3,87,99,5,4,5,1,1,1,0,0,C
0723,male,88.3,77,75,4,3,3,0,1,0,0,0,D
0724,male,89.2,78,73,4,3,3,0,1,1,1,0,A
0725,male,91.2,80,83,5,4,4,0,1,1,1,0,A
0726,female,91.2,80,75,5,4,3,0,1,1,1,0,A
0727,female,97.2,86,85,5,4,4,0,1,1,1,0,A
0728,female,97.2,86,88,5,4,4,0,1,1,1,0,A
0729,male,99.2,88,90,5,4,5,0,0,1,1,1,B
0730,male,91.2,80,83,5,4,4,1,1,1,0,0,C
0731,male,91.2,80,92,5,4,5,1,1,1,0,0,C
0732,female,92.2,81,76,5,4,3,1,1,1,0,0,C
0733,female,93.2,82,90,5,4,5,1,1,1,0,0,C
0734,female,94.2,83,80,5,4,4,1,1,1,0,0,C
0735,female,96.2,85,93,5,4,5,1,1,1,0,0,C
0736,male,96.2,85,91,5,4,5,1,1,1,0,0,C
0737,female,93.2,82,75,5,4,3,0,1,0,0,0,D
0738,female,91.2,80,75,5,4,3,0,0,1,0,1,E
0739,male,81.2,70,83,4,3,4,0,1,0,1,0,F
0740,female,96.2,85,91,5,4,5,1,1,1,0,0,G
0741,male,98.1,87,93,5,4,5,0,1,1,1,0,A
0742,male,91.1,80,80,5,4,4,1,1,1,0,0,C
0743,male,95.1,84,87,5,4,4,1,1,1,0,0,C
0744,male,86.1,75,92,4,3,5,0,1,0,0,0,D
0745,male,98.1,87,91,5,4,5,0,1,0,0,0,D
0746,male,88.1,77,73,4,3,3,0,0,1,0,1,E
0747,male,83.9,95,64,4,5,2,0,1,0,1,0,F
0748,female,91.1,80,81,5,4,4,0,1,0,1,0,F
0749,female,98.1,87,88,5,4,4,1,1,1,0,0,G
0750,male,86,75,67,4,3,2,0,0,1,1,1,B
0751,male,97,86,88,5,4,4,0,0,1,1,1,B
0752,male,89,78,74,4,3,3,1,1,1,0,0,C
0753,female,82,71,62,4,3,2,0,1,0,0,0,D
0754,male,95,84,80,5,4,4,0,0,1,0,1,E
0755,female,96,85,86,5,4,4,1,1,1,0,0,G
0756,female,97,86,93,5,4,5,1,1,1,0,0,G
0757,male,90.9,80,97,5,4,5,0,1,1,1,0,A
0758,female,95.9,85,85,5,4,4,0,1,1,1,0,A
0759,male,90.9,80,90,5,4,5,0,0,1,1,1,B
0760,female,91.9,81,80,5,4,4,1,1,1,0,0,C
0761,male,86.9,76,71,4,3,3,0,1,0,0,0,D
0762,male,90.9,80,74,5,4,3,0,0,1,0,1,E
0763,male,94.9,84,90,5,4,5,0,1,0,1,0,F
0764,male,90.8,80,88,5,4,4,0,1,1,1,0,A
0765,male,98.8,88,97,5,4,5,1,1,1,0,0,C
0766,female,94.8,84,75,5,4,3,1,1,1,0,0,G
0767,female,97.8,87,92,5,4,5,1,1,1,0,0,G
0768,male,90.7,80,76,5,4,3,0,1,1,1,0,A
0769,male,91.7,81,80,5,4,4,0,1,1,1,0,A
0770,female,95.7,85,90,5,4,5,0,1,1,1,0,A
0771,female,94.7,84,83,5,4,4,0,0,1,1,1,B
0772,female,91.7,81,73,5,4,3,1,1,1,0,0,C
0773,male,94.7,84,85,5,4,4,1,1,1,0,0,C
0774,male,88.7,78,83,4,3,4,0,0,1,0,1,E
0775,female,86.7,76,70,4,3,3,0,1,0,1,0,F
0776,female,91.7,81,80,5,4,4,1,1,1,0,0,G
0777,female,85.6,75,72,4,3,3,0,1,1,1,0,A
0778,male,94.6,84,87,5,4,4,0,1,1,1,0,A
0779,female,87.6,77,75,4,3,3,1,1,1,0,0,C
0780,male,91.6,81,93,5,4,5,1,1,1,0,0,C
0781,male,92.6,82,86,5,4,4,1,1,1,0,0,C
0782,female,94.6,84,76,5,4,3,1,1,1,0,0,C
0783,female,97.6,87,85,5,4,4,1,1,1,0,0,C
0784,male,91.6,81,73,5,4,3,0,1,0,0,0,D
0785,male,88.5,78,84,4,3,4,0,1,1,1,0,A
0786,male,94.5,84,90,5,4,5,0,1,1,1,0,A
0787,female,95.5,85,88,5,4,4,0,1,1,1,0,A
0788,male,90.5,80,88,5,4,4,0,0,1,1,1,B
0789,female,94.4,84,90,5,4,5,0,1,1,1,0,A
0790,female,96.4,86,80,5,4,4,0,1,1,1,0,A
0791,female,98.4,88,93,5,4,5,0,1,1,1,0,A
0792,male,91.4,81,74,5,4,3,1,1,1,0,0,C
0793,male,91.4,81,80,5,4,4,1,1,1,0,0,C
0794,female,92.4,82,91,5,4,5,1,1,1,0,0,C
0795,male,93.4,83,83,5,4,4,1,1,1,0,0,C
0796,male,95.4,85,80,5,4,4,1,1,1,0,0,C
0797,male,97.4,87,91,5,4,5,1,1,1,0,0,C
0798,male,91.4,81,90,5,4,5,0,1,0,1,0,F
0799,male,92.4,82,80,5,4,4,0,1,0,1,0,F
0800,female,90.4,80,90,5,4,5,1,1,1,0,0,G
0801,female,94.4,84,92,5,4,5,1,1,1,0,0,G
0802,female,94.4,84,86,5,4,4,1,1,1,0,0,G
0803,male,95.4,85,91,5,4,5,1,1,1,0,0,G
0804,female,97.4,87,90,5,4,5,1,1,1,0,0,G
0805,male,95.3,85,80,5,4,4,0,1,1,1,0,A
0806,male,95.3,85,90,5,4,5,0,1,1,1,0,A
0807,female,95.3,85,96,5,4,5,1,1,1,0,0,C
0808,female,86.3,76,80,4,3,4,0,1,0,0,0,D
0809,female,92.3,82,83,5,4,4,0,1,0,0,0,D
0810,male,82.7,93,91,4,5,5,0,0,1,0,1,E
0811,male,94.3,84,83,5,4,4,1,1,1,0,0,G
0812,female,97.3,87,94,5,4,5,1,1,1,0,0,G
0813,female,90.2,80,99,5,4,5,0,1,1,1,0,A
0814,male,92.2,82,84,5,4,4,0,0,1,1,1,B
0815,male,90.2,80,85,5,4,4,1,1,1,0,0,C
0816,male,92.2,82,93,5,4,5,1,1,1,0,0,C
0817,male,92.2,82,80,5,4,4,1,1,1,0,0,C
0818,female,96.2,86,85,5,4,4,1,1,1,0,0,C
0819,male,98.2,88,88,5,4,4,1,1,1,0,0,C
0820,male,83.2,73,85,4,3,4,0,1,0,0,0,D
0821,male,81.2,71,72,4,3,3,0,1,0,1,0,F
0822,male,82.2,72,70,4,3,3,0,1,0,1,0,F
0823,male,84.2,74,65,4,3,2,0,1,0,1,0,F
0824,male,91.2,81,91,5,4,5,1,1,1,0,0,G
0825,female,92.2,82,93,5,4,5,1,1,1,0,0,G
0826,female,97.2,87,90,5,4,5,1,1,1,0,0,G
0827,male,87.1,77,74,4,3,3,0,0,1,1,1,B
0828,male,94.1,84,90,5,4,5,0,0,1,1,1,B
0829,female,93.1,83,80,5,4,4,1,1,1,0,0,C
0830,male,86.1,76,70,4,3,3,0,1,0,0,0,D
0831,male,81.1,71,86,4,3,4,0,1,0,1,0,F
0832,male,88.1,78,87,4,3,4,0,1,0,1,0,F
0833,male,90.1,80,96,5,4,5,0,1,0,1,0,F
0834,male,92.1,82,86,5,4,4,0,1,0,1,0,F
0835,female,93.1,83,74,5,4,3,0,1,0,1,0,F
0836,male,93.1,83,81,5,4,4,1,1,1,0,0,G
0837,female,90,80,80,5,4,4,0,0,1,1,1,B
0838,male,91,81,80,5,4,4,0,0,1,1,1,B
0839,male,90,80,80,5,4,4,1,1,1,0,0,C
0840,female,91,81,90,5,4,5,1,1,1,0,0,C
0841,male,92,82,87,5,4,4,1,1,1,0,0,C
0842,female,95,85,92,5,4,5,1,1,1,0,0,C
0843,male,78,88,83,3,4,4,0,1,0,0,0,D
0844,male,96,86,77,5,4,3,0,1,0,1,0,F
0845,male,93,83,82,5,4,4,1,1,1,0,0,G
0846,female,96,86,82,5,4,4,1,1,1,0,0,G
0847,male,89.9,80,72,4,4,3,0,0,1,1,1,B
0848,male,91.9,82,79,5,4,3,0,0,1,1,1,B
0849,male,86.9,77,97,4,3,5,1,1,1,0,0,C
0850,male,90.9,81,76,5,4,3,1,1,1,0,0,C
0851,male,90.9,81,90,5,4,5,1,1,1,0,0,C
0852,male,93.9,84,74,5,4,3,1,1,1,0,0,C
0853,female,97.9,88,98,5,4,5,1,1,1,0,0,C
0854,female,83.9,74,76,4,3,3,0,1,0,0,0,D
0855,male,92.9,83,88,5,4,4,0,1,0,1,0,F
0856,female,90.9,81,85,5,4,4,1,1,1,0,0,G
0857,female,94.9,85,76,5,4,3,1,1,1,0,0,G
0858,male,94.8,85,85,5,4,4,0,1,1,1,0,A
0859,female,97.8,88,82,5,4,4,0,1,1,1,0,A
0860,male,92.8,83,85,5,4,4,0,0,1,1,1,B
0861,male,79.8,70,82,3,3,4,0,1,0,0,0,D
0862,female,93.8,84,82,5,4,4,0,0,1,0,1,E
0863,male,85.8,76,80,4,3,4,0,1,0,1,0,F
0864,male,94.7,85,82,5,4,4,0,1,1,1,0,A
0865,female,96.7,87,86,5,4,4,0,1,1,1,0,A
0866,male,96.7,87,85,5,4,4,0,0,1,1,1,B
0867,female,86.7,77,73,4,3,3,0,1,0,1,0,F
0868,male,92.7,83,75,5,4,3,0,1,0,1,0,F
0869,female,89.7,80,76,4,4,3,1,1,1,0,0,G
0870,male,89.6,80,70,4,4,3,0,1,1,1,0,A
0871,male,89.6,80,74,4,4,3,0,1,1,1,0,A
0872,male,90.6,81,75,5,4,3,0,1,1,1,0,A
0873,male,93.6,84,86,5,4,4,0,0,1,1,1,B
0874,male,86.6,77,80,4,3,4,1,1,1,0,0,C
0875,female,89.6,80,80,4,4,4,1,1,1,0,0,C
0876,male,90.6,81,83,5,4,4,1,1,1,0,0,C
0877,male,92.6,83,91,5,4,5,1,1,1,0,0,C
0878,female,92.6,83,81,5,4,4,1,1,1,0,0,C
0879,male,83.6,74,82,4,3,4,0,1,0,1,0,F
0880,female,92.6,83,74,5,4,3,1,1,1,0,0,G
0881,male,94.6,85,95,5,4,5,1,1,1,0,0,G
0882,female,97.6,88,94,5,4,5,1,1,1,0,0,G
0883,female,97.5,88,83,5,4,4,0,1,1,1,0,A
0884,female,87.5,78,73,4,3,3,0,0,1,1,1,B
0885,female,83.5,74,66,4,3,2,0,1,0,0,0,D
0886,male,89.5,80,76,4,4,3,0,1,0,0,0,D
0887,male,92.5,83,81,5,4,4,0,1,0,1,0,F
0888,female,95.5,86,77,5,4,3,1,1,1,0,0,G
0889,male,97.5,88,85,5,4,4,1,1,1,0,0,G
0890,male,94.4,85,91,5,4,5,0,1,1,1,0,A
0891,female,95.4,86,83,5,4,4,0,1,1,1,0,A
0892,female,70.4,61,55,3,2,0,0,1,0,0,0,D
0893,male,77.4,68,70,3,2,3,0,1,0,0,0,D
0894,male,93.4,84,80,5,4,4,0,0,1,0,1,E
0895,male,82.4,73,70,4,3,3,0,1,0,1,0,F
0896,male,90.4,81,84,5,4,4,0,1,0,1,0,F
0897,female,84.3,75,80,4,3,4,0,1,1,1,0,A
0898,male,93.3,84,90,5,4,5,0,1,1,1,0,A
0899,male,95.3,86,86,5,4,4,0,1,1,1,0,A
0900,male,96.3,87,94,5,4,5,0,0,1,1,1,B
0901,female,97.3,88,96,5,4,5,0,0,1,1,1,B
0902,male,80.7,90,80,4,5,4,1,1,1,0,0,C
0903,male,92.3,83,82,5,4,4,1,1,1,0,0,C
0904,female,84.3,75,94,4,3,5,1,1,1,0,0,G
0905,female,94.3,85,84,5,4,4,1,1,1,0,0,G
0906,female,96.3,87,90,5,4,5,1,1,1,0,0,G
0907,female,91.2,82,80,5,4,4,0,1,1,1,0,A
0908,female,97.2,88,80,5,4,4,0,1,1,1,0,A
0909,male,89.2,80,75,4,4,3,0,1,0,1,0,F
0910,male,89.8,99,94,4,5,5,0,1,0,1,0,F
0911,male,96.2,87,78,5,4,3,0,1,0,1,0,F
0912,female,86.2,77,80,4,3,4,1,1,1,0,0,G
0913,female,90.2,81,90,5,4,5,1,1,1,0,0,G
0914,female,92.2,83,86,5,4,4,1,1,1,0,0,G
0915,male,92.1,83,85,5,4,4,0,1,1,1,0,A
0916,male,90.1,81,90,5,4,5,1,1,1,0,0,C
0917,male,74.1,65,55,3,2,0,0,1,0,0,0,D
0918,male,80.1,71,65,4,3,2,0,1,0,0,0,D
0919,female,85.1,76,74,4,3,3,0,1,0,0,0,D
0920,male,84.1,75,67,4,3,2,0,1,0,1,0,F
0921,male,91.1,82,90,5,4,5,0,1,0,1,0,F
0922,male,91.1,82,82,5,4,4,0,1,0,1,0,F
0923,male,89.9,99,93,4,5,5,1,1,1,0,0,G
0924,female,97.1,88,91,5,4,5,1,1,1,0,0,G
0925,male,92,83,78,5,4,3,0,1,1,1,0,A
0926,male,92,83,80,5,4,4,0,0,1,1,1,B
0927,male,95,86,93,5,4,5,1,1,1,0,0,C
0928,male,95,86,88,5,4,4,1,1,1,0,0,C
0929,male,96,87,78,5,4,3,1,1,1,0,0,C
0930,male,82,73,75,4,3,3,0,1,0,0,0,D
0931,female,89,80,80,4,4,4,1,1,1,0,0,G
0932,male,85.9,77,67,4,3,2,0,1,1,1,0,A
0933,male,88.9,80,78,4,4,3,0,1,1,1,0,A
0934,female,82.9,74,76,4,3,3,0,1,0,0,0,C
0935,male,90.9,82,93,5,4,5,1,1,1,0,0,C
0936,female,93.9,85,80,5,4,4,1,1,1,0,0,C
0937,male,79.9,71,70,3,3,3,0,1,0,0,0,D
0938,male,90.1,99,90,5,5,5,0,0,1,0,1,E
0939,female,84.9,76,90,4,3,5,0,1,0,1,0,F
0940,female,88.9,80,90,4,4,5,1,1,1,0,0,G
0941,female,89.9,81,83,4,4,4,1,1,1,0,0,G
0942,female,91.9,83,81,5,4,4,1,1,1,0,0,G
0943,female,98.8,90,92,5,5,5,0,1,1,1,0,A
0944,female,91.8,83,92,5,4,5,1,1,1,0,0,C
0945,female,92.8,84,77,5,4,3,1,1,1,0,0,C
0946,male,96.8,88,84,5,4,4,1,1,1,0,0,C
0947,female,95.8,87,90,5,4,5,0,1,0,1,0,F
0948,female,93.8,85,80,5,4,4,1,1,1,0,0,G
0949,female,94.8,86,90,5,4,5,1,1,1,0,0,G
0950,male,89.7,81,86,4,4,4,0,1,1,1,0,A
0951,male,90.7,82,80,5,4,4,0,1,1,1,0,A
0952,female,95.7,87,83,5,4,4,0,1,1,1,0,A
0953,female,98.7,90,93,5,5,5,0,1,1,1,0,A
0954,male,90.3,99,92,5,5,5,0,0,1,1,1,B
0955,male,94.7,86,86,5,4,4,1,1,1,0,0,C
0956,male,78.7,70,75,3,3,3,0,1,0,0,0,D
0957,male,90.7,82,72,5,4,3,0,0,1,0,1,E
0958,male,90.7,82,78,5,4,3,0,1,0,1,0,F
0959,male,95.7,87,77,5,4,3,1,1,1,0,0,G
0960,female,92.6,84,83,5,4,4,0,1,1,1,0,A
0961,female,95.6,87,97,5,4,5,0,1,1,1,0,A
0962,female,95.6,87,85,5,4,4,0,1,1,1,0,A
0963,male,88.6,80,74,4,4,3,0,0,1,1,1,B
0964,male,91.6,83,73,5,4,3,1,1,1,0,0,C
0965,male,95.6,87,99,5,4,5,1,1,1,0,0,C
0966,male,95.6,87,93,5,4,5,1,1,1,0,0,C
0967,male,96.6,88,88,5,4,4,1,1,1,0,0,C
0968,female,92.6,84,83,5,4,4,0,1,0,0,0,D
0969,male,93.6,85,92,5,4,5,0,1,0,1,0,F
0970,male,88.5,80,71,4,4,3,0,0,1,1,1,B
0971,male,93.5,85,88,5,4,4,1,1,1,0,0,C
0972,male,96.5,88,90,5,4,5,0,1,0,1,0,F
0973,female,92.5,84,74,5,4,3,1,1,1,0,0,G
0974,male,91.4,83,84,5,4,4,0,1,1,1,0,A
0975,female,93.4,85,91,5,4,5,0,1,1,1,0,A
0976,female,93.4,85,77,5,4,3,0,0,1,1,1,B
0977,female,94.4,86,82,5,4,4,0,0,1,1,1,B
0978,male,89.4,81,88,4,4,4,1,1,1,0,0,C
0979,male,89.4,81,86,4,4,4,1,1,1,0,0,C
0980,male,94.4,86,82,5,4,4,1,1,1,0,0,C
0981,female,91.4,83,81,5,4,4,0,1,0,1,0,F
0982,male,93.3,85,91,5,4,5,0,1,1,1,0,A
0983,male,95.3,87,83,5,4,4,0,0,1,1,1,B
0984,male,79.3,71,60,3,3,2,0,1,0,0,0,D
0985,male,88.3,80,81,4,4,4,0,1,0,1,0,F
0986,female,94.3,86,76,5,4,3,1,1,1,0,0,G
0987,female,91.2,83,82,5,4,4,0,1,1,1,0,A
0988,male,88.2,80,84,4,4,4,0,0,1,1,1,B
0989,male,93.2,85,90,5,4,5,1,1,1,0,0,C
0990,female,93.2,85,85,5,4,4,1,1,1,0,0,C
0991,female,94.2,86,85,5,4,4,1,1,1,0,0,C
0992,female,82.2,74,80,4,3,4,0,1,0,0,0,D
0993,male,83.2,75,91,4,3,5,0,0,1,0,1,E
0994,male,92.2,84,95,5,4,5,0,1,0,1,0,F
0995,female,88.1,80,83,4,4,4,0,0,1,1,1,B
0996,male,90.9,99,73,5,5,3,0,0,1,0,1,E
0997,female,90.9,99,74,5,5,3,0,1,0,1,0,F
0998,female,98.1,90,83,5,5,4,1,1,1,0,0,G
0999,male,95,87,82,5,4,4,0,1,1,1,0,A
1000,female,93,85,86,5,4,4,1,1,1,0,0,C
1001,male,96,88,93,5,4,5,1,1,1,0,0,C
1002,female,98,90,93,5,5,5,1,1,1,0,0,C
1003,male,89,81,72,4,4,3,0,1,0,0,0,D
1004,male,86,94,83,4,5,4,0,0,1,0,1,E
1005,male,93,85,75,5,4,3,0,1,0,1,0,F
1006,male,87.9,80,87,4,4,4,0,1,1,1,0,A
1007,male,94.9,87,75,5,4,3,0,1,1,1,0,A
1008,female,91.1,99,84,5,5,4,1,1,1,0,0,C
1009,male,85.9,78,73,4,3,3,0,0,1,0,1,E
1010,male,90.1,98,84,5,5,4,0,0,1,0,1,E
1011,male,87.9,80,78,4,4,3,1,1,1,0,0,G
1012,female,97.9,90,99,5,5,5,1,1,1,0,0,G
1013,female,98.8,91,91,5,5,5,0,1,1,1,0,A
1014,female,91.8,84,85,5,4,4,1,1,1,0,0,C
1015,male,92.8,85,82,5,4,4,1,1,1,0,0,C
1016,male,92.8,85,81,5,4,4,1,1,1,0,0,C
1017,male,93.8,86,75,5,4,3,1,1,1,0,0,C
1018,male,84.8,77,66,4,3,2,0,1,0,0,0,D
1019,male,83.8,76,75,4,3,3,0,0,1,0,1,E
1020,male,95.8,88,81,5,4,4,0,1,0,1,0,F
1021,male,84.8,77,84,4,3,4,1,1,1,0,0,G
1022,male,92.8,85,80,5,4,4,1,1,1,0,0,G
1023,male,91.7,84,78,5,4,3,0,1,1,1,0,A
1024,male,93.7,86,82,5,4,4,0,1,1,1,0,A
1025,male,97.7,90,97,5,5,5,0,1,1,1,0,A
1026,male,87.7,80,75,4,4,3,0,0,1,1,1,B
1027,male,91.3,99,90,5,5,5,0,0,1,1,1,B
1028,male,95.7,88,84,5,4,4,0,0,1,1,1,B
1029,male,90.7,83,88,5,4,4,1,1,1,0,0,C
1030,male,91.3,99,73,5,5,3,1,1,1,0,0,C
1031,male,91.7,84,81,5,4,4,1,1,1,0,0,C
1032,male,78.7,71,63,3,3,2,0,1,0,0,0,D
1033,male,93.7,86,91,5,4,5,0,1,0,1,0,F
1034,male,88.6,81,90,4,4,5,0,1,1,1,0,A
1035,female,92.6,85,82,5,4,4,0,1,1,1,0,A
1036,male,91.6,84,90,5,4,5,1,1,1,0,0,C
1037,male,92.6,85,80,5,4,4,1,1,1,0,0,C
1038,male,93.6,86,92,5,4,5,1,1,1,0,0,C
1039,female,90.6,83,71,5,4,3,0,1,0,1,0,F
1040,female,97.6,90,86,5,5,4,1,1,1,0,0,G
1041,female,95.5,88,77,5,4,3,0,1,1,1,0,A
1042,male,87.5,80,70,4,4,3,0,1,0,0,0,D
1043,female,92.5,85,80,5,4,4,0,0,1,0,1,E
1044,male,92.5,85,75,5,4,3,0,1,0,1,0,F
1045,male,98.4,91,97,5,5,5,0,1,1,1,0,A
1046,male,92.4,85,86,5,4,4,1,1,1,0,0,C
1047,male,95.4,88,92,5,4,5,1,1,1,0,0,C
1048,female,95.4,88,88,5,4,4,0,1,0,0,0,D
1049,male,82.6,90,67,4,5,2,0,0,1,0,1,E
1050,male,91.4,84,84,5,4,4,0,0,1,0,1,E
1051,male,87.6,95,89,4,5,4,0,1,0,1,0,F
1052,female,98.4,91,86,5,5,4,1,1,1,0,0,G
1053,male,91.3,84,81,5,4,4,0,1,1,1,0,A
1054,male,91.3,84,84,5,4,4,0,1,1,1,0,A
1055,female,98.3,91,93,5,5,5,0,1,1,1,0,A
1056,male,93.3,86,95,5,4,5,1,1,1,0,0,C
1057,female,93.3,86,80,5,4,4,1,1,1,0,0,C
1058,male,95.3,88,86,5,4,4,1,1,1,0,0,C
1059,female,95.3,88,81,5,4,4,1,1,1,0,0,C
1060,female,93.3,86,84,5,4,4,1,1,1,0,0,G
1061,female,97.3,90,90,5,5,5,1,1,1,0,0,G
1062,male,88.8,96,94,4,5,5,0,1,1,1,0,A
1063,male,87.2,80,87,4,4,4,1,1,1,0,0,C
1064,male,87.2,80,76,4,4,3,0,1,0,1,0,F
1065,male,87.2,80,80,4,4,4,0,1,0,1,0,F
1066,female,97.1,90,85,5,5,4,0,1,1,1,0,A
1067,male,98.1,91,97,5,5,5,0,1,1,1,0,A
1068,male,94.1,87,96,5,4,5,1,1,1,0,0,C
1069,female,83.1,76,74,4,3,3,0,0,1,0,1,E
1070,male,88.1,81,80,4,4,4,0,1,0,1,0,F
1071,female,93,86,77,5,4,3,0,1,1,1,0,A
1072,male,93,86,92,5,4,5,0,1,1,1,0,A
1073,female,92,85,82,5,4,4,1,1,1,0,0,C
1074,male,88,81,70,4,4,3,0,0,1,0,1,E
1075,male,92,85,88,5,4,4,1,1,1,0,0,G
1076,male,94.9,88,94,5,4,5,0,1,1,1,0,A
1077,male,88.1,95,90,4,5,5,1,1,1,0,0,C
1078,male,89.9,83,80,4,4,4,1,1,1,0,0,C
1079,male,91.9,85,81,5,4,4,1,1,1,0,0,C
1080,male,92.9,86,79,5,4,3,1,1,1,0,0,C
1081,male,93.9,87,87,5,4,4,1,1,1,0,0,C
1082,female,97.9,91,86,5,5,4,1,1,1,0,0,C
1083,female,97.9,91,91,5,5,5,1,1,1,0,0,G
1084,female,90.8,84,91,5,4,5,0,1,1,1,0,A
1085,male,96.8,90,77,5,5,3,0,1,1,1,0,A
1086,male,96.8,90,86,5,5,4,0,1,1,1,0,A
1087,female,97.8,91,92,5,5,5,0,0,1,1,1,B
1088,male,88.8,82,83,4,4,4,1,1,1,0,0,C
1089,male,88.8,82,76,4,4,3,1,1,1,0,0,C
1090,male,94.8,88,90,5,4,5,1,1,1,0,0,C
1091,male,74.8,68,77,3,2,3,0,1,0,0,0,D
1092,male,84.2,91,74,4,5,3,0,0,1,0,1,E
1093,female,97.8,91,94,5,5,5,1,1,1,0,0,G
1094,female,94.7,88,90,5,4,5,0,1,1,1,0,A
1095,female,97.7,91,90,5,5,5,0,1,1,1,0,A
1096,male,93.7,87,92,5,4,5,0,0,1,1,1,B
1097,male,91.7,85,85,5,4,4,1,1,1,0,0,C
1098,male,97.7,91,91,5,5,5,1,1,1,0,0,C
1099,female,97.7,91,85,5,5,4,1,1,1,0,0,C
1100,female,83.3,90,66,4,5,2,0,1,0,0,0,D
1101,male,88.7,82,75,4,4,3,0,0,1,0,1,E
1102,male,91.7,85,83,5,4,4,0,0,1,0,1,E
1103,male,88.7,82,91,4,4,5,0,1,0,1,0,F
1104,male,88.6,82,86,4,4,4,1,1,1,0,0,C
1105,male,92.6,86,80,5,4,4,1,1,1,0,0,C
1106,male,97.6,91,93,5,5,5,1,1,1,0,0,C
1107,female,83.6,77,80,4,3,4,0,1,0,0,0,D
1108,female,89.4,96,83,4,5,4,0,1,0,0,0,D
1109,male,93.6,87,80,5,4,4,0,0,1,0,1,E
1110,male,87.6,81,90,4,4,5,0,1,0,1,0,F
1111,female,98.6,92,96,5,5,5,1,1,1,0,0,G
1112,female,93.5,87,92,5,4,5,1,1,1,0,0,C
1113,male,97.5,91,84,5,5,4,1,1,1,0,0,C
1114,female,91.5,85,93,5,4,5,1,1,1,0,0,G
1115,female,91.4,85,72,5,4,3,0,1,1,1,0,A
1116,female,93.4,87,92,5,4,5,0,1,1,1,0,A
1117,male,96.4,90,94,5,5,5,0,1,1,1,0,A
1118,male,83.4,77,80,4,3,4,1,1,1,0,0,C
1119,female,91.4,85,83,5,4,4,1,1,1,0,0,C
1120,female,91.4,85,82,5,4,4,1,1,1,0,0,C
1121,male,96.4,90,80,5,5,4,1,1,1,0,0,C
1122,male,83.3,77,84,4,3,4,0,1,1,1,0,A
1123,male,92.3,86,85,5,4,4,0,1,1,1,0,A
1124,male,94.3,88,97,5,4,5,0,1,1,1,0,A
1125,male,97.3,91,90,5,5,5,0,1,1,1,0,A
1126,male,96.3,90,95,5,5,5,0,0,1,1,1,B
1127,male,75.7,82,71,3,4,3,0,1,0,0,0,D
1128,male,86.3,80,67,4,4,2,0,0,1,0,1,E
1129,male,96.2,90,90,5,5,5,0,1,1,1,0,A
1130,male,97.2,91,94,5,5,5,1,1,1,0,0,C
1131,male,76.2,70,62,3,3,2,0,1,0,0,0,D
1132,female,91.2,85,83,5,4,4,1,1,1,0,0,G
1133,female,94.2,88,92,5,4,5,1,1,1,0,0,G
1134,male,86.1,80,85,4,4,4,0,1,1,1,0,A
1135,male,96.1,90,93,5,5,5,0,1,1,1,0,A
1136,male,96.1,90,88,5,5,4,0,1,1,1,0,A
1137,male,92.1,86,99,5,4,5,1,1,1,0,0,C
1138,female,96.1,90,92,5,5,5,1,1,1,0,0,C
1139,male,97.1,91,90,5,5,5,1,1,1,0,0,C
1140,female,79.1,73,72,3,3,3,0,1,0,0,0,D
1141,male,93.1,87,88,5,4,4,0,0,1,0,1,E
1142,male,90.1,84,85,5,4,4,0,1,0,1,0,F
1143,male,92.1,86,87,5,4,4,0,1,0,1,0,F
1144,female,97.1,91,80,5,5,4,0,1,0,1,0,F
1145,female,88.1,82,85,4,4,4,1,1,1,0,0,G
1146,male,92.9,99,88,5,5,4,1,1,1,0,0,G
1147,male,97.1,91,92,5,5,5,1,1,1,0,0,G
1148,female,91,85,76,5,4,3,0,0,1,1,1,B
1149,male,90,84,82,5,4,4,1,1,1,0,0,C
1150,male,93,99,85,5,5,4,1,1,1,0,0,C
1151,female,97,91,91,5,5,5,1,1,1,0,0,C
1152,male,98,92,96,5,5,5,1,1,1,0,0,C
1153,male,93,99,95,5,5,5,0,1,0,1,0,F
1154,female,86,80,90,4,4,5,1,1,1,0,0,G
1155,male,95.9,90,85,5,5,4,0,1,1,1,0,A
1156,female,96.9,91,80,5,5,4,0,1,1,1,0,A
1157,female,97.9,92,88,5,5,4,0,1,1,1,0,A
1158,male,85.9,80,90,4,4,5,0,0,1,1,1,B
1159,male,91.9,86,88,5,4,4,1,1,1,0,0,C
1160,male,91.9,86,91,5,4,5,1,1,1,0,0,C
1161,male,92.1,98,92,5,5,5,1,1,1,0,0,C
1162,male,93.9,88,93,5,4,5,1,1,1,0,0,C
1163,female,96.9,91,93,5,5,5,1,1,1,0,0,C
1164,male,97.9,92,94,5,5,5,1,1,1,0,0,C
1165,female,80.9,75,64,4,3,2,0,1,0,0,0,D
1166,male,97.9,92,94,5,5,5,0,0,1,0,1,E
1167,female,89.1,95,85,4,5,4,0,1,0,1,0,F
1168,male,96.9,91,90,5,5,5,1,1,1,0,0,G
1169,male,93.2,99,93,5,5,5,0,1,1,1,0,A
1170,female,95.8,90,98,5,5,5,0,1,1,1,0,A
1171,female,97.8,92,91,5,5,5,0,1,1,1,0,A
1172,male,96.8,91,90,5,5,5,0,0,1,1,1,B
1173,male,90.8,85,94,5,4,5,1,1,1,0,0,C
1174,female,93.8,88,84,5,4,4,1,1,1,0,0,C
1175,male,95.8,90,85,5,5,4,1,1,1,0,0,C
1176,female,95.8,90,85,5,5,4,1,1,1,0,0,C
1177,male,95.8,90,82,5,5,4,1,1,1,0,0,C
1178,male,93.8,88,80,5,4,4,0,0,1,0,1,E
1179,male,96.8,91,95,5,5,5,1,1,1,0,0,G
1180,female,97.8,92,92,5,5,5,1,1,1,0,0,G
1181,male,98.8,93,96,5,5,5,1,1,1,0,0,G
1182,male,93.3,99,91,5,5,5,0,0,1,1,1,B
1183,male,91.3,97,82,5,5,4,1,1,1,0,0,C
1184,female,79.7,74,63,3,3,2,0,1,0,0,0,D
1185,female,97.7,92,99,5,5,5,0,0,1,0,1,E
1186,male,89.4,95,93,4,5,5,0,1,1,1,0,A
1187,male,95.6,90,91,5,5,5,0,1,1,1,0,A
1188,female,97.6,92,87,5,5,4,0,1,1,1,0,A
1189,male,95.6,90,90,5,5,5,0,0,1,1,1,B
1190,female,82.4,88,78,4,4,3,1,1,1,0,0,C
1191,male,90.6,85,82,5,4,4,1,1,1,0,0,C
1192,male,92.4,98,93,5,5,5,1,1,1,0,0,C
1193,male,93.4,99,88,5,5,4,1,1,1,0,0,C
1194,male,93.6,88,90,5,4,5,1,1,1,0,0,C
1195,male,95.6,90,90,5,5,5,1,1,1,0,0,C
1196,male,95.6,90,77,5,5,3,1,1,1,0,0,C
1197,male,92.4,98,86,5,5,4,0,1,0,0,0,D
1198,female,95.6,90,83,5,5,4,1,1,1,0,0,G
1199,female,97.6,92,92,5,5,5,1,1,1,0,0,G
1200,male,95.5,90,90,5,5,5,0,1,1,1,0,A
1201,female,96.5,91,80,5,5,4,0,1,1,1,0,A
1202,male,86.5,81,78,4,4,3,0,0,1,1,1,B
1203,female,93.5,99,80,5,5,4,1,1,1,0,0,C
1204,female,86.5,81,75,4,4,3,0,1,0,1,0,F
1205,male,97.5,92,95,5,5,5,0,1,0,1,0,F
1206,female,90.5,96,85,5,5,4,1,1,1,0,0,G
1207,male,89.6,95,87,4,5,4,0,1,1,1,0,A
1208,male,91.4,86,92,5,4,5,0,1,1,1,0,A
1209,male,95.4,90,90,5,5,5,0,1,1,1,0,A
1210,male,88.4,83,98,4,4,5,1,1,1,0,0,C
1211,male,89.4,84,88,4,4,4,1,1,1,0,0,C
1212,male,95.4,90,90,5,5,5,1,1,1,0,0,C
1213,male,79.6,85,71,3,4,3,0,1,0,0,0,D
1214,male,97.4,92,94,5,5,5,0,1,0,0,0,D
1215,male,89.4,84,75,4,4,3,1,1,1,0,0,G
1216,female,90.4,85,78,5,4,3,1,1,1,0,0,G
1217,male,91.4,86,93,5,4,5,1,1,1,0,0,G
1218,female,97.3,92,91,5,5,5,0,1,1,1,0,A
1219,male,95.3,90,91,5,5,5,1,1,1,0,0,C
1220,female,96.3,91,94,5,5,5,1,1,1,0,0,C
1221,female,79.7,85,60,3,4,2,0,1,0,0,0,D
1222,male,85.3,80,75,4,4,3,0,1,0,0,0,D
1223,female,85.3,80,80,4,4,4,0,1,0,1,0,F
1224,male,87.3,82,77,4,4,3,0,1,0,1,0,F
1225,female,92.3,87,73,5,4,3,1,1,1,0,0,G
1226,male,92.3,87,80,5,4,4,1,1,1,0,0,G
1227,female,92.3,87,84,5,4,4,1,1,1,0,0,G
1228,female,93.3,88,85,5,4,4,1,1,1,0,0,G
1229,female,95.3,90,90,5,5,5,1,1,1,0,0,G
1230,male,89.2,84,70,4,4,3,0,1,1,1,0,A
1231,male,89.8,95,93,4,5,5,0,1,1,1,0,A
1232,male,97.2,92,90,5,5,5,0,1,1,1,0,A
1233,female,98.2,93,96,5,5,5,0,1,1,1,0,A
1234,male,90.8,96,77,5,5,3,0,0,1,1,1,B
1235,male,92.8,98,99,5,5,5,1,1,1,0,0,C
1236,male,96.2,91,78,5,5,3,1,1,1,0,0,C
1237,female,91.2,86,76,5,4,3,0,1,0,1,0,F
1238,male,92.2,87,83,5,4,4,0,1,0,1,0,F
1239,female,96.2,91,94,5,5,5,0,1,0,1,0,F
1240,female,97.2,92,86,5,5,4,1,1,1,0,0,G
1241,male,93.9,99,99,5,5,5,0,1,1,1,0,A
1242,female,98.1,93,90,5,5,5,0,1,1,1,0,A
1243,male,93.9,99,94,5,5,5,1,1,1,0,0,C
1244,female,85.1,80,90,4,4,5,0,1,0,1,0,F
1245,female,89.9,95,81,4,5,4,0,1,0,1,0,F
1246,male,91.1,86,75,5,4,3,1,1,1,0,0,G
1247,female,95,90,85,5,5,4,0,1,1,1,0,A
1248,male,85,80,81,4,4,4,0,0,1,1,1,B
1249,male,88,93,87,4,5,4,0,0,1,1,1,B
1250,male,96,91,90,5,5,5,0,0,1,1,1,B
1251,male,98,93,78,5,5,3,0,0,1,1,1,B
1252,male,91,86,91,5,4,5,1,1,1,0,0,C
1253,male,95,90,86,5,5,4,1,1,1,0,0,C
1254,male,96,91,92,5,5,5,1,1,1,0,0,C
1255,female,95,90,85,5,5,4,1,1,1,0,0,G
1256,female,95,90,76,5,5,3,1,1,1,0,0,G
1257,male,94.9,90,90,5,5,5,0,1,1,1,0,A
1258,female,94.9,90,85,5,5,4,0,1,1,1,0,A
1259,male,94.1,99,84,5,5,4,0,0,1,1,1,B
1260,male,94.1,99,94,5,5,5,0,0,1,1,1,B
1261,male,92.9,88,84,5,4,4,1,1,1,0,0,C
1262,male,92.9,88,80,5,4,4,1,1,1,0,0,C
1263,male,94.1,99,91,5,5,5,1,1,1,0,0,C
1264,male,94.9,90,89,5,5,4,1,1,1,0,0,C
1265,male,94.9,90,90,5,5,5,1,1,1,0,0,C
1266,female,73.1,78,66,3,3,2,0,1,0,0,0,D
1267,male,78.1,83,80,3,4,4,0,1,0,0,0,D
1268,male,80.1,85,80,4,4,4,0,0,1,0,1,E
1269,male,84.9,80,70,4,4,3,1,1,1,0,0,G
1270,female,89.9,85,74,4,4,3,1,1,1,0,0,G
1271,male,92.8,88,86,5,4,4,1,1,1,0,0,C
1272,male,84.8,80,80,4,4,4,0,1,0,1,0,F
1273,female,90.8,86,82,5,4,4,1,1,1,0,0,G
1274,female,94.8,90,90,5,5,5,1,1,1,0,0,G
1275,female,92.7,88,90,5,4,5,0,0,1,1,1,B
1276,male,86.3,91,91,4,5,5,1,1,1,0,0,C
1277,male,98.7,94,92,5,5,5,1,1,1,0,0,C
1278,male,95.7,91,96,5,5,5,0,1,0,1,0,F
1279,male,75.6,71,76,3,3,3,0,1,1,1,0,A
1280,male,98.6,94,90,5,5,5,0,1,1,1,0,A
1281,male,92.6,88,80,5,4,4,0,1,0,1,0,F
1282,male,89.6,85,83,4,4,4,1,1,1,0,0,G
1283,female,95.6,91,91,5,5,5,1,1,1,0,0,G
1284,female,97.6,93,95,5,5,5,1,1,1,0,0,G
1285,male,94.5,90,82,5,5,4,1,1,1,0,0,C
1286,male,94.5,99,92,5,5,5,1,1,1,0,0,C
1287,female,94.5,99,92,5,5,5,1,1,1,0,0,C
1288,male,97.5,93,88,5,5,4,0,1,0,1,0,F
1289,female,86.4,82,90,4,4,5,0,1,1,1,0,A
1290,female,96.4,92,83,5,5,4,0,1,1,1,0,A
1291,male,92.6,97,97,5,5,5,1,1,1,0,0,C
1292,female,86.6,91,70,4,5,3,0,1,0,0,0,D
1293,male,91.6,96,84,5,5,4,0,0,1,0,1,E
1294,male,89.4,85,85,4,4,4,1,1,1,0,0,G
1295,male,94.3,90,96,5,5,5,0,1,1,1,0,A
1296,male,96.3,92,92,5,5,5,0,0,1,1,1,B
1297,female,94.3,90,83,5,5,4,0,0,1,0,1,E
1298,male,96.3,92,86,5,5,4,0,0,1,0,1,E
1299,male,90.2,86,81,5,4,4,0,1,1,1,0,A
1300,male,94.8,99,90,5,5,5,0,1,1,1,0,A
1301,male,92.2,88,83,5,4,4,0,0,1,1,1,B
1302,male,86.8,91,67,4,5,2,1,1,1,0,0,C
1303,male,92.2,88,94,5,4,5,1,1,1,0,0,C
1304,male,93.8,98,92,5,5,5,1,1,1,0,0,C
1305,male,95.2,91,85,5,5,4,1,1,1,0,0,C
1306,male,88.8,93,75,4,5,3,0,1,0,1,0,F
1307,male,94.2,90,91,5,5,5,1,1,1,0,0,G
1308,female,91.9,96,80,5,5,4,0,1,1,1,0,A
1309,male,93.9,98,91,5,5,5,0,1,1,1,0,A
1310,male,94.9,99,95,5,5,5,0,1,1,1,0,A
1311,male,87.9,92,75,4,5,3,1,1,1,0,0,C
1312,male,88.1,84,86,4,4,4,1,1,1,0,0,C
1313,male,91.9,96,86,5,5,4,1,1,1,0,0,C
1314,male,89.1,85,80,4,4,4,0,0,1,0,1,E
1315,male,85.1,81,82,4,4,4,0,1,0,1,0,F
1316,female,92.9,97,83,5,5,4,1,1,1,0,0,G
1317,female,94.1,90,81,5,5,4,1,1,1,0,0,G
1318,female,96.1,92,93,5,5,5,1,1,1,0,0,G
1319,female,98.1,94,94,5,5,5,1,1,1,0,0,G
1320,male,88,84,84,4,4,4,0,1,1,1,0,A
1321,male,92,88,75,5,4,3,0,1,1,1,0,A
1322,male,95,99,98,5,5,5,0,1,1,1,0,A
1323,male,88,92,92,4,5,5,1,1,1,0,0,C
1324,male,94,90,87,5,5,4,1,1,1,0,0,C
1325,female,76,80,60,3,4,2,0,1,0,0,0,D
1326,female,76,72,76,3,3,3,0,1,0,0,0,D
1327,male,94,90,92,5,5,5,0,1,0,0,0,D
1328,female,83.9,80,73,4,4,3,0,1,1,1,0,A
1329,male,95.1,99,95,5,5,5,0,1,1,1,0,A
1330,female,96.9,93,92,5,5,5,0,1,1,1,0,A
1331,male,97.9,94,87,5,5,4,0,1,1,1,0,A
1332,male,91.9,88,85,5,4,4,1,1,1,0,0,C
1333,male,93.9,90,76,5,5,3,1,1,1,0,0,C
1334,male,93.9,90,87,5,5,4,1,1,1,0,0,C
1335,female,94.9,91,99,5,5,5,1,1,1,0,0,C
1336,male,97.9,94,99,5,5,5,1,1,1,0,0,C
1337,male,81.1,85,92,4,4,5,0,1,0,1,0,F
1338,female,94.9,91,82,5,5,4,0,1,0,1,0,F
1339,female,80.1,84,70,4,4,3,1,1,1,0,0,G
1340,female,91.9,88,84,5,4,4,1,1,1,0,0,G
1341,male,94.2,98,97,5,5,5,0,1,1,1,0,A
1342,male,91.2,95,86,5,5,4,1,1,1,0,0,C
1343,male,97.8,94,91,5,5,5,1,1,1,0,0,C
1344,female,95.8,92,90,5,5,5,1,1,1,0,0,G
1345,female,95.8,92,96,5,5,5,1,1,1,0,0,G
1346,male,93.7,90,83,5,5,4,0,1,1,1,0,A
1347,female,97.7,94,99,5,5,5,0,1,1,1,0,A
1348,male,95.3,99,94,5,5,5,1,1,1,0,0,C
1349,female,95.3,99,95,5,5,5,1,1,1,0,0,C
1350,male,95.7,92,94,5,5,5,1,1,1,0,0,C
1351,male,95.7,92,88,5,5,4,1,1,1,0,0,C
1352,male,98.7,95,87,5,5,4,1,1,1,0,0,C
1353,male,94.7,91,90,5,5,5,0,0,1,0,1,E
1354,male,91.7,88,75,5,4,3,0,1,0,1,0,F
1355,male,88.6,85,80,4,4,4,0,1,1,1,0,A
1356,female,95.4,99,91,5,5,5,0,1,1,1,0,A
1357,male,95.4,99,98,5,5,5,0,1,1,1,0,A
1358,female,98.6,95,95,5,5,5,0,1,1,1,0,A
1359,male,94.6,91,93,5,5,5,1,1,1,0,0,C
1360,male,95.4,99,93,5,5,5,1,1,1,0,0,C
1361,male,95.4,99,97,5,5,5,1,1,1,0,0,C
1362,male,97.6,94,96,5,5,5,1,1,1,0,0,C
1363,male,78.6,75,84,3,3,4,0,1,0,0,0,D
1364,male,85.6,82,76,4,4,3,0,1,0,1,0,F
1365,female,87.4,91,82,4,5,4,0,1,0,1,0,F
1366,male,97.6,94,93,5,5,5,0,1,0,1,0,F
1367,male,97.6,94,90,5,5,5,0,1,0,1,0,F
1368,male,93.5,90,91,5,5,5,0,0,1,1,1,B
1369,female,81.5,78,81,4,3,4,0,1,0,0,0,D
1370,female,83.5,80,66,4,4,2,0,1,0,0,0,D
1371,female,91.5,95,84,5,5,4,0,0,1,0,1,E
1372,female,94.5,91,80,5,5,4,1,1,1,0,0,G
1373,male,91.4,88,78,5,4,3,0,1,1,1,0,A
1374,female,96.4,93,91,5,5,5,0,1,1,1,0,A
1375,female,97.4,94,90,5,5,5,0,1,1,1,0,A
1376,male,96.4,93,98,5,5,5,0,0,1,1,1,B
1377,female,94.4,91,83,5,5,4,1,1,1,0,0,C
1378,male,95.6,99,98,5,5,5,1,1,1,0,0,C
1379,male,93.6,97,92,5,5,5,0,1,0,1,0,F
1380,male,93.3,90,80,5,5,4,0,0,1,1,1,B
1381,male,93.7,97,92,5,5,5,0,0,1,1,1,B
1382,male,94.3,91,80,5,5,4,0,0,1,1,1,B
1383,male,94.3,91,86,5,5,4,0,0,1,1,1,B
1384,female,87.7,91,80,4,5,4,1,1,1,0,0,C
1385,male,93.3,90,84,5,5,4,1,1,1,0,0,C
1386,male,95.3,92,92,5,5,5,1,1,1,0,0,C
1387,male,95.7,99,94,5,5,5,1,1,1,0,0,C
1388,female,98.3,95,96,5,5,5,1,1,1,0,0,C
1389,female,93.3,90,75,5,5,3,0,1,0,1,0,F
1390,male,88.7,92,82,4,5,4,1,1,1,0,0,G
1391,female,91.8,95,83,5,5,4,0,1,1,1,0,A
1392,male,93.8,97,80,5,5,4,0,1,1,1,0,A
1393,female,94.2,91,84,5,5,4,0,1,1,1,0,A
1394,male,94.2,91,91,5,5,5,0,1,1,1,0,A
1395,male,96.2,93,94,5,5,5,0,1,1,1,0,A
1396,male,97.2,94,99,5,5,5,0,1,1,1,0,A
1397,male,90.2,87,81,5,4,4,1,1,1,0,0,C
1398,male,90.2,87,82,5,4,4,1,1,1,0,0,C
1399,female,77.2,74,63,3,3,2,0,1,0,0,0,D
1400,female,80.2,77,70,4,3,3,0,1,0,0,0,D
1401,male,84.2,81,90,4,4,5,0,1,0,0,0,D
1402,male,87.9,91,85,4,5,4,0,1,1,1,0,A
1403,male,91.9,95,90,5,5,5,0,1,1,1,0,A
1404,male,83.1,80,76,4,4,3,0,0,1,1,1,B
1405,female,91.1,88,81,5,4,4,1,1,1,0,0,C
1406,female,96.1,93,97,5,5,5,1,1,1,0,0,C
1407,male,78.9,82,70,3,4,3,0,1,0,0,0,D
1408,male,91.9,95,91,5,5,5,0,1,0,1,0,F
1409,male,83.9,87,84,4,4,4,1,1,1,0,0,G
1410,female,84.1,81,80,4,4,4,1,1,1,0,0,G
1411,male,93.1,90,88,5,5,4,1,1,1,0,0,G
1412,female,98.1,95,87,5,5,4,1,1,1,0,0,G
1413,female,97,94,85,5,5,4,0,1,1,1,0,A
1414,female,99,96,90,5,5,5,0,1,1,1,0,A
1415,female,96,99,93,5,5,5,0,0,1,1,1,B
1416,male,85,82,96,4,4,5,1,1,1,0,0,C
1417,male,93,90,85,5,5,4,1,1,1,0,0,C
1418,male,96,93,83,5,5,4,1,1,1,0,0,C
1419,female,98,95,85,5,5,4,1,1,1,0,0,C
1420,male,82,85,75,4,4,3,0,1,0,0,0,D
1421,male,83,80,86,4,4,4,0,0,1,0,1,E
1422,female,96,93,92,5,5,5,1,1,1,0,0,G
1423,male,94.1,97,82,5,5,4,0,1,1,1,0,A
1424,male,92.9,90,88,5,5,4,0,0,1,1,1,B
1425,male,96.1,99,94,5,5,5,0,0,1,1,1,B
1426,male,90.9,88,85,5,4,4,1,1,1,0,0,C
1427,male,93.1,96,75,5,5,3,1,1,1,0,0,C
1428,male,94.9,92,99,5,5,5,1,1,1,0,0,C
1429,male,95.9,93,90,5,5,5,1,1,1,0,0,C
1430,male,96.1,99,99,5,5,5,1,1,1,0,0,C
1431,male,96.1,99,90,5,5,5,1,1,1,0,0,C
1432,male,83.9,81,74,4,4,3,0,0,1,0,1,E
1433,male,85.9,83,74,4,4,3,0,1,0,1,0,F
1434,male,93.8,91,86,5,5,4,0,1,1,1,0,A
1435,male,96.2,99,93,5,5,5,0,1,1,1,0,A
1436,male,92.8,90,87,5,5,4,1,1,1,0,0,C
1437,male,96.8,94,91,5,5,5,1,1,1,0,0,C
1438,male,96.8,94,95,5,5,5,1,1,1,0,0,C
1439,male,89.8,87,72,4,4,3,0,1,0,0,0,D
1440,male,94.8,92,88,5,5,4,0,0,1,0,1,E
1441,male,83.8,81,77,4,4,3,0,1,0,1,0,F
1442,male,89.8,87,84,4,4,4,0,1,0,1,0,F
1443,female,93.8,91,92,5,5,5,1,1,1,0,0,G
1444,male,94.8,92,99,5,5,5,1,1,1,0,0,G
1445,female,95.2,98,96,5,5,5,1,1,1,0,0,G
1446,female,93.7,91,90,5,5,5,0,1,1,1,0,A
1447,male,95.3,98,94,5,5,5,0,1,1,1,0,A
1448,female,95.7,93,94,5,5,5,0,1,1,1,0,A
1449,female,96.3,99,91,5,5,5,0,1,1,1,0,A
1450,male,97.7,95,99,5,5,5,0,0,1,1,1,B
1451,female,93.7,91,78,5,5,3,1,1,1,0,0,C
1452,male,94.3,97,99,5,5,5,1,1,1,0,0,C
1453,female,84.3,87,77,4,4,3,0,1,0,1,0,F
1454,male,83.6,81,75,4,4,3,0,1,1,1,0,A
1455,male,96.4,99,97,5,5,5,0,1,1,1,0,A
1456,female,93.6,91,80,5,5,4,1,1,1,0,0,C
1457,male,95.6,93,88,5,5,4,1,1,1,0,0,C
1458,male,95.6,93,88,5,5,4,1,1,1,0,0,C
1459,female,95.6,93,94,5,5,5,1,1,1,0,0,C
1460,male,96.4,99,93,5,5,5,1,1,1,0,0,C
1461,female,96.4,99,93,5,5,5,1,1,1,0,0,C
1462,male,96.6,94,84,5,5,4,0,0,1,0,1,E
1463,male,86.6,84,90,4,4,5,0,1,0,1,0,F
1464,female,92.4,95,97,5,5,5,0,1,0,1,0,F
1465,male,94.6,92,80,5,5,4,0,1,0,1,0,F
1466,female,80.4,83,90,4,4,5,1,1,1,0,0,G
1467,female,96.6,94,92,5,5,5,1,1,1,0,0,G
1468,female,97.6,95,90,5,5,5,1,1,1,0,0,G
1469,male,94.5,92,83,5,5,4,0,1,1,1,0,A
1470,female,98.5,96,94,5,5,5,0,1,1,1,0,A
1471,male,97.5,95,92,5,5,5,1,1,1,0,0,C
1472,male,97.5,95,94,5,5,5,0,1,0,1,0,F
1473,female,93.5,96,85,5,5,4,1,1,1,0,0,G
1474,male,95.4,93,90,5,5,5,0,1,1,1,0,A
1475,female,95.4,93,94,5,5,5,0,1,1,1,0,A
1476,female,96.6,99,92,5,5,5,0,1,1,1,0,A
1477,male,87.4,85,74,4,4,3,0,0,1,1,1,B
1478,male,92.4,90,80,5,5,4,0,0,1,1,1,B
1479,male,93.4,91,95,5,5,5,1,1,1,0,0,C
1480,male,94.4,92,93,5,5,5,1,1,1,0,0,C
1481,female,95.6,98,88,5,5,4,1,1,1,0,0,C
1482,male,96.4,94,98,5,5,5,1,1,1,0,0,C
1483,male,90.6,93,87,5,5,4,0,1,0,1,0,F
1484,male,96.4,94,86,5,5,4,0,1,0,1,0,F
1485,female,87.4,85,80,4,4,4,1,1,1,0,0,G
1486,male,92.3,90,99,5,5,5,0,1,1,1,0,A
1487,male,96.7,99,94,5,5,5,0,1,1,1,0,A
1488,male,96.7,99,99,5,5,5,0,1,1,1,0,A
1489,male,92.7,95,80,5,5,4,1,1,1,0,0,C
1490,male,97.3,95,99,5,5,5,1,1,1,0,0,C
1491,male,97.3,95,85,5,5,4,0,1,0,1,0,F
1492,male,92.7,95,87,5,5,4,1,1,1,0,0,G
1493,male,93.2,91,92,5,5,5,0,1,1,1,0,A
1494,male,93.2,91,80,5,5,4,0,1,1,1,0,A
1495,female,98.2,96,98,5,5,5,0,1,1,1,0,A
1496,male,96.8,99,99,5,5,5,0,0,1,1,1,B
1497,female,96.8,99,92,5,5,5,1,1,1,0,0,C
1498,female,96.8,99,93,5,5,5,0,1,0,1,0,F
1499,female,92.2,90,90,5,5,5,1,1,1,0,0,G
1500,female,96.8,99,97,5,5,5,1,1,1,0,0,G
1501,male,92.1,90,89,5,5,4,0,1,1,1,0,A
1502,male,92.1,90,89,5,5,4,0,1,1,1,0,A
1503,male,97.1,95,97,5,5,5,0,1,1,1,0,A
1504,female,86.1,84,92,4,4,5,0,0,1,1,1,B
1505,female,87.1,85,80,4,4,4,1,1,1,0,0,C
1506,male,89.9,92,80,4,5,4,1,1,1,0,0,C
1507,male,91.9,94,84,5,5,4,1,1,1,0,0,C
1508,male,92.1,90,86,5,5,4,1,1,1,0,0,C
1509,male,93.9,96,86,5,5,4,1,1,1,0,0,C
1510,female,97.1,95,95,5,5,5,1,1,1,0,0,C
1511,male,88.1,86,70,4,4,3,0,0,1,0,1,E
1512,male,90.1,88,74,5,4,3,0,1,0,1,0,F
1513,male,96.9,99,99,5,5,5,0,1,0,1,0,F
1514,male,92,94,81,5,5,4,1,1,1,0,0,C
1515,male,93,91,88,5,5,4,1,1,1,0,0,C
1516,male,97,99,99,5,5,5,0,1,0,0,0,D
1517,male,82,80,67,4,4,2,0,0,1,0,1,E
1518,male,92.1,94,89,5,5,4,0,1,1,1,0,A
1519,male,97.1,99,99,5,5,5,0,1,1,1,0,A
1520,female,87.9,86,95,4,4,5,1,1,1,0,0,C
1521,male,91.9,90,97,5,5,5,1,1,1,0,0,C
1522,female,95.1,97,87,5,5,4,1,1,1,0,0,C
1523,male,90.1,92,92,5,5,5,0,1,0,0,0,D
1524,male,86.9,85,92,4,4,5,0,0,1,0,1,E
1525,male,88.1,90,80,4,5,4,0,1,0,1,0,F
1526,male,95.9,94,95,5,5,5,0,1,0,1,0,F
1527,male,88.2,90,82,4,5,4,0,1,1,1,0,A
1528,male,94.8,93,92,5,5,5,0,1,1,1,0,A
1529,male,97.2,99,90,5,5,5,0,1,1,1,0,A
1530,male,97.2,99,93,5,5,5,0,1,1,1,0,A
1531,male,97.2,99,99,5,5,5,0,1,1,1,0,A
1532,male,86.8,85,75,4,4,3,0,0,1,1,1,B
1533,male,97.2,99,99,5,5,5,0,0,1,1,1,B
1534,male,97.2,99,95,5,5,5,1,1,1,0,0,C
1535,male,94.8,93,96,5,5,5,0,1,0,0,0,D
1536,male,80.2,82,70,4,4,3,0,0,1,0,1,E
1537,male,83.2,85,87,4,4,4,0,0,1,0,1,E
1538,male,81.2,83,84,4,4,4,1,1,1,0,0,G
1539,male,91.7,90,81,5,5,4,0,1,1,1,0,A
1540,male,95.7,94,99,5,5,5,0,1,1,1,0,A
1541,male,91.7,90,83,5,5,4,1,1,1,0,0,C
1542,male,93.3,95,95,5,5,5,1,1,1,0,0,C
1543,female,97.7,96,90,5,5,5,1,1,1,0,0,C
1544,male,82.7,81,90,4,4,5,0,1,0,0,0,D
1545,male,85.4,87,70,4,4,3,0,1,1,1,0,A
1546,male,96.4,98,92,5,5,5,0,1,1,1,0,A
1547,male,97.4,99,99,5,5,5,0,1,1,1,0,A
1548,male,97.4,99,97,5,5,5,0,1,1,1,0,A
1549,male,86.4,88,87,4,4,4,0,0,1,1,1,B
1550,male,90.4,92,84,5,5,4,0,0,1,1,1,B
1551,male,91.6,90,81,5,5,4,1,1,1,0,0,C
1552,male,91.6,90,82,5,5,4,1,1,1,0,0,C
1553,male,91.6,90,78,5,5,3,1,1,1,0,0,C
1554,female,92.4,94,83,5,5,4,1,1,1,0,0,C
1555,male,94.4,96,84,5,5,4,1,1,1,0,0,C
1556,male,94.6,93,86,5,5,4,1,1,1,0,0,C
1557,male,95.4,97,99,5,5,5,1,1,1,0,0,C
1558,male,95.6,94,85,5,5,4,1,1,1,0,0,C
1559,male,97.4,99,97,5,5,5,1,1,1,0,0,C
1560,female,96.4,98,85,5,5,4,1,1,1,0,0,G
1561,male,93.5,95,91,5,5,5,0,1,1,1,0,A
1562,male,97.5,99,95,5,5,5,0,0,1,1,1,B
1563,male,95.5,97,97,5,5,5,1,1,1,0,0,C
1564,male,97.5,99,99,5,5,5,1,1,1,0,0,C
1565,female,90.5,92,84,5,5,4,0,1,0,1,0,F
1566,female,80.5,82,76,4,4,3,1,1,1,0,0,G
1567,male,90.5,92,88,5,5,4,1,1,1,0,0,G
1568,female,93.5,92,76,5,5,3,1,1,1,0,0,G
1569,male,88.6,90,85,4,5,4,0,1,1,1,0,A
1570,male,96.6,98,90,5,5,5,0,1,1,1,0,A
1571,male,97.6,99,91,5,5,5,0,1,1,1,0,A
1572,female,97.6,99,92,5,5,5,0,1,1,1,0,A
1573,male,97.6,99,96,5,5,5,0,1,1,1,0,A
1574,male,97.6,99,92,5,5,5,0,1,1,1,0,A
1575,female,98.4,97,91,5,5,5,0,1,1,1,0,A
1576,male,82.4,81,65,4,4,2,0,0,1,1,1,B
1577,male,92.4,91,86,5,5,4,0,0,1,1,1,B
1578,female,91.6,93,81,5,5,4,1,1,1,0,0,C
1579,male,93.4,92,91,5,5,5,1,1,1,0,0,C
1580,male,95.6,97,99,5,5,5,1,1,1,0,0,C
1581,male,95.6,97,88,5,5,4,1,1,1,0,0,C
1582,male,97.6,99,99,5,5,5,1,1,1,0,0,C
1583,male,82.4,81,77,4,4,3,0,0,1,0,1,E
1584,male,84.4,83,65,4,4,2,0,1,0,1,0,F
1585,male,85.4,84,77,4,4,3,0,1,0,1,0,F
1586,male,88.6,90,80,4,5,4,0,1,0,1,0,F
1587,female,97.6,99,99,5,5,5,1,1,1,0,0,G
1588,male,91.3,90,86,5,5,4,0,1,1,1,0,A
1589,male,96.3,95,92,5,5,5,0,1,1,1,0,A
1590,male,97.7,99,87,5,5,4,0,1,1,1,0,A
1591,male,93.7,95,82,5,5,4,1,1,1,0,0,C
1592,male,97.3,96,99,5,5,5,1,1,1,0,0,C
1593,male,83.3,82,80,4,4,4,0,1,0,0,0,D
1594,female,91.7,93,74,5,5,3,0,0,1,0,1,E
1595,male,92.3,91,90,5,5,5,0,0,1,0,1,E
1596,male,97.7,99,99,5,5,5,0,0,1,0,1,E
1597,male,93.3,92,84,5,5,4,0,1,0,1,0,F
1598,male,99.3,98,96,5,5,5,0,1,0,1,0,F
1599,female,83.2,82,93,4,4,5,0,1,1,1,0,A
1600,male,90.8,92,71,5,5,3,0,1,1,1,0,A
1601,female,99.2,98,99,5,5,5,0,1,1,1,0,A
1602,female,95.8,97,92,5,5,5,0,0,1,1,1,B
1603,male,95.8,97,95,5,5,5,1,1,1,0,0,C
1604,male,88.8,90,93,4,5,5,0,1,0,1,0,F
1605,male,96.8,98,90,5,5,5,0,1,0,1,0,F
1606,male,88.8,90,74,4,5,3,1,1,1,0,0,G
1607,male,91.1,90,80,5,5,4,0,1,1,1,0,A
1608,female,96.1,95,94,5,5,5,0,1,1,1,0,A
1609,female,99.1,98,98,5,5,5,0,1,1,1,0,A
1610,female,99.1,98,97,5,5,5,0,1,1,1,0,A
1611,male,91.9,93,89,5,5,4,0,0,1,1,1,B
1612,female,96.9,98,99,5,5,5,0,0,1,1,1,B
1613,female,91.1,90,81,5,5,4,1,1,1,0,0,C
1614,female,92.9,94,74,5,5,3,1,1,1,0,0,C
1615,male,94.1,93,93,5,5,5,1,1,1,0,0,C
1616,male,92.9,94,94,5,5,5,0,1,0,0,0,D
1617,female,95.1,94,90,5,5,5,0,1,0,0,0,D
1618,female,96.1,95,87,5,5,4,0,1,0,0,0,D
1619,female,96.1,95,86,5,5,4,1,1,1,0,0,G
1620,male,89,90,83,4,5,4,0,1,1,1,0,A
1621,male,94,95,86,5,5,4,0,1,1,1,0,A
1622,male,94,93,90,5,5,5,0,1,1,1,0,A
1623,male,94,93,88,5,5,4,0,1,1,1,0,A
1624,female,96,95,95,5,5,5,0,1,1,1,0,A
1625,female,99,98,93,5,5,5,0,1,1,1,0,A
1626,male,91,92,84,5,5,4,1,1,1,0,0,C
1627,male,76,75,60,3,3,2,0,1,0,0,0,D
1628,male,81,80,82,4,4,4,0,1,0,0,0,D
1629,female,86,85,70,4,4,3,0,0,1,0,1,E
1630,female,94,93,90,5,5,5,0,1,0,1,0,F
1631,male,97,96,87,5,5,4,1,1,1,0,0,G
1632,male,95.1,96,93,5,5,5,0,1,1,1,0,A
1633,male,95.1,96,92,5,5,5,0,1,1,1,0,A
1634,male,96.1,97,99,5,5,5,0,1,1,1,0,A
1635,male,98.1,99,96,5,5,5,0,1,1,1,0,A
1636,female,98.1,99,97,5,5,5,0,1,1,1,0,A
1637,female,98.9,98,96,5,5,5,0,1,1,1,0,A
1638,male,98.1,99,93,5,5,5,0,0,1,1,1,B
1639,male,96.1,97,86,5,5,4,1,1,1,0,0,C
1640,male,98.1,99,93,5,5,5,1,1,1,0,0,C
1641,male,75.9,75,67,3,3,2,0,1,0,0,0,D
1642,male,79.1,80,76,3,4,3,0,1,0,0,0,D
1643,female,81.9,81,76,4,4,3,0,1,0,0,0,D
1644,male,85.1,86,83,4,4,4,0,1,0,0,0,D
1645,male,98.1,99,99,5,5,5,0,1,0,0,0,D
1646,male,94.9,94,82,5,5,4,0,0,1,0,1,E
1647,male,95.9,95,92,5,5,5,0,0,1,0,1,E
1648,male,96.9,96,91,5,5,5,0,1,0,1,0,F
1649,male,98.1,99,99,5,5,5,0,1,0,1,0,F
1650,female,94.2,95,85,5,5,4,0,1,1,1,0,A
1651,female,98.2,99,99,5,5,5,0,1,1,1,0,A
1652,male,98.8,98,94,5,5,5,0,1,1,1,0,A
1653,female,90.8,90,72,5,5,3,1,1,1,0,0,C
1654,female,90.8,90,80,5,5,4,1,1,1,0,0,C
1655,male,91.8,91,99,5,5,5,1,1,1,0,0,C
1656,male,80.8,80,66,4,4,2,0,1,0,0,0,D
1657,female,98.2,99,91,5,5,5,0,0,1,0,1,E
1658,male,97.7,97,93,5,5,5,0,1,1,1,0,A
1659,male,98.3,99,99,5,5,5,0,1,1,1,0,A
1660,female,98.7,98,87,5,5,4,0,0,1,1,1,B
1661,male,90.7,90,71,5,5,3,1,1,1,0,0,C
1662,male,94.3,95,80,5,5,4,1,1,1,0,0,C
1663,male,95.7,95,87,5,5,4,1,1,1,0,0,C
1664,male,97.3,98,90,5,5,5,1,1,1,0,0,C
1665,female,85.3,86,66,4,4,2,0,1,0,0,0,D
1666,male,98.3,99,99,5,5,5,0,1,0,1,0,F
1667,male,93.6,93,96,5,5,5,0,1,1,1,0,A
1668,male,97.6,97,96,5,5,5,0,1,1,1,0,A
1669,female,98.4,99,99,5,5,5,0,1,1,1,0,A
1670,male,95.4,96,86,5,5,4,1,1,1,0,0,C
1671,male,98.4,99,99,5,5,5,1,1,1,0,0,C
1672,male,90.4,91,83,5,5,4,0,0,1,0,1,E
1673,male,91.6,91,80,5,5,4,0,0,1,0,1,E
1674,male,94.4,95,88,5,5,4,0,1,0,1,0,F
1675,female,98.4,99,99,5,5,5,0,1,0,1,0,F
1676,female,94.6,94,90,5,5,5,1,1,1,0,0,G
1677,male,94.5,95,86,5,5,4,0,1,1,1,0,A
1678,female,92.5,92,83,5,5,4,1,1,1,0,0,C
1679,female,96.5,96,97,5,5,5,1,1,1,0,0,C
1680,female,98.5,99,93,5,5,5,1,1,1,0,0,C
1681,female,84.5,84,72,4,4,3,0,1,0,0,0,D
1682,male,90.5,91,82,5,5,4,0,1,0,0,0,D
1683,male,96.5,97,85,5,5,4,0,1,0,1,0,F
1684,female,90.4,90,88,5,5,4,0,1,1,1,0,A
1685,female,94.6,95,84,5,5,4,0,1,1,1,0,A
1686,male,98.6,99,90,5,5,5,0,1,1,1,0,A
1687,male,99.4,99,99,5,5,5,0,1,1,1,0,A
1688,male,99.4,99,96,5,5,5,0,0,1,1,1,B
1689,male,94.4,94,85,5,5,4,1,1,1,0,0,C
1690,male,96.4,96,99,5,5,5,1,1,1,0,0,C
1691,male,97.6,98,99,5,5,5,1,1,1,0,0,C
1692,male,99.4,99,99,5,5,5,1,1,1,0,0,C
1693,male,91.6,92,91,5,5,5,0,1,0,0,0,D
1694,male,90.4,90,80,5,5,4,0,1,0,1,0,F
1695,female,95.4,95,98,5,5,5,1,1,1,0,0,G
1696,male,98.6,99,99,5,5,5,1,1,1,0,0,G
1697,male,95.3,95,90,5,5,5,0,1,1,1,0,A
1698,male,99.3,99,97,5,5,5,0,1,1,1,0,A
1699,male,99.3,99,98,5,5,5,0,1,1,1,0,A
1700,male,90.7,91,82,5,5,4,0,0,1,1,1,B
1701,male,95.7,96,88,5,5,4,1,1,1,0,0,C
1702,male,95.7,96,97,5,5,5,1,1,1,0,0,C
1703,female,97.7,98,96,5,5,5,1,1,1,0,0,C
1704,male,98.7,99,93,5,5,5,1,1,1,0,0,C
1705,female,98.7,99,99,5,5,5,1,1,1,0,0,C
1706,male,81.3,81,73,4,4,3,0,1,0,0,0,D
1707,female,96.7,97,93,5,5,5,0,1,0,0,0,D
1708,male,90.7,91,90,5,5,5,0,1,0,1,0,F
1709,male,91.7,92,85,5,5,4,0,1,0,1,0,F
1710,male,91.7,92,94,5,5,5,0,1,0,1,0,F
1711,male,94.7,95,95,5,5,5,0,1,0,1,0,F
1712,male,96.3,96,90,5,5,5,0,1,0,1,0,F
1713,female,95.3,95,81,5,5,4,1,1,1,0,0,G
1714,male,89.8,90,79,4,5,3,0,1,1,1,0,A
1715,male,89.8,90,76,4,5,3,0,1,1,1,0,A
1716,female,98.8,99,99,5,5,5,0,1,1,1,0,A
1717,female,99.2,99,99,5,5,5,0,1,1,1,0,A
1718,male,87.2,87,87,4,4,4,1,1,1,0,0,C
1719,male,93.2,93,96,5,5,5,1,1,1,0,0,C
1720,male,93.8,94,86,5,5,4,1,1,1,0,0,C
1721,male,94.8,95,82,5,5,4,1,1,1,0,0,C
1722,female,95.2,95,91,5,5,5,1,1,1,0,0,C
1723,male,76.2,76,67,3,3,2,0,1,0,0,0,D
1724,male,94.8,95,84,5,5,4,1,1,1,0,0,G
1725,male,96.8,97,84,5,5,4,1,1,1,0,0,G
1726,female,98.9,99,92,5,5,5,0,1,1,1,0,A
1727,male,98.9,99,99,5,5,5,0,1,1,1,0,A
1728,female,98.9,99,99,5,5,5,0,1,1,1,0,A
1729,female,99.1,99,99,5,5,5,0,1,1,1,0,A
1730,male,99.1,99,99,5,5,5,0,1,1,1,0,A
1731,male,91.1,91,91,5,5,5,0,0,1,1,1,B
1732,male,98.1,98,93,5,5,5,0,0,1,1,1,B
1733,male,89.9,90,76,4,5,3,1,1,1,0,0,C
1734,female,93.9,94,76,5,5,3,1,1,1,0,0,C
1735,female,96.1,96,90,5,5,5,1,1,1,0,0,C
1736,female,98.9,99,98,5,5,5,1,1,1,0,0,C
1737,male,98.9,99,98,5,5,5,1,1,1,0,0,C
1738,male,77.1,77,62,3,3,2,0,1,0,0,0,D
1739,male,89.9,90,80,4,5,4,0,1,0,0,0,D
1740,male,89.9,90,91,4,5,5,0,1,0,0,0,D
1741,male,92.9,93,90,5,5,5,0,1,0,0,0,D
1742,male,98.1,98,97,5,5,5,0,0,1,0,1,E
1743,male,85.9,86,83,4,4,4,0,1,0,1,0,F
1744,female,97.1,97,97,5,5,5,0,1,0,1,0,F
1745,female,91.9,92,76,5,5,3,1,1,1,0,0,G
1746,female,98.9,99,96,5,5,5,1,1,1,0,0,G
1747,female,99.1,99,95,5,5,5,1,1,1,0,0,G
1748,female,97,97,91,5,5,5,0,1,1,1,0,A
1749,male,95,95,96,5,5,5,1,1,1,0,0,C
1750,male,99,99,99,5,5,5,1,1,1,0,0,C
1751,male,94,94,90,5,5,5,0,0,1,0,1,E
1752,male,98,98,97,5,5,5,0,0,1,0,1,E
1753,female,95,95,94,5,5,5,1,1,1,0,0,G
1754,male,97,97,96,5,5,5,1,1,1,0,0,G
1755,female,80.4,83,90,1,1,1,0,0,G,3,G-Good,
1756,female,96.6,94,92,1,1,1,0,0,G,4,G-Good,
1757,female,97.6,95,90,1,1,1,0,0,G,4,G-Good,
1758,male,94.5,92,83,0,1,1,1,0,A,3,A-Good,
1759,female,98.5,96,94,0,1,1,1,0,A,4,A-Good,
1760,male,97.5,95,92,1,1,1,0,0,C,5,C-Good,
1761,male,97.5,95,94,0,1,0,1,0,F,4,F-Good,
1762,female,93.5,96,85,1,1,1,0,0,G,3,G-Good,
1763,male,95.4,93,90,0,1,1,1,0,A,3,A-Good,
1764,female,95.4,93,94,0,1,1,1,0,A,4,A-Good,
1765,female,96.6,99,92,0,1,1,1,0,A,4,A-Good,
1766,male,87.4,85,74,0,0,1,1,1,B,3,B-Good,
1767,male,92.4,90,80,0,0,1,1,1,B,3,B-Good,
1768,male,93.4,91,95,1,1,1,0,0,C,3,C-Good,
1769,male,94.4,92,93,1,1,1,0,0,C,4,C-Good,
1770,female,95.6,98,88,1,1,1,0,0,C,3,C-Good,
1771,male,96.4,94,98,1,1,1,0,0,C,4,C-Good,
1772,female,78.4,76,64,0,1,0,0,0,D,2,D-Poor,
1773,male,90.6,93,87,0,1,0,1,0,F,3,F-Good,
1774,male,96.4,94,86,0,1,0,1,0,F,4,F-Good,
1775,female,87.4,85,80,1,1,1,0,0,G,3,G-Good,
1776,male,92.3,90,99,0,1,1,1,0,A,3,A-Good,
1777,male,96.7,99,94,0,1,1,1,0,A,5,A-Good,
1778,male,96.7,99,99,0,1,1,1,0,A,5,A-Good,
1779,male,92.7,95,80,1,1,1,0,0,C,4,C-Good,
1780,male,97.3,95,99,1,1,1,0,0,C,5,C-Good,
1781,male,97.3,95,85,0,1,0,1,0,F,4,F-Good,
1782,male,92.7,95,87,1,1,1,0,0,G,3,G-Good,
1783,male,93.2,91,92,0,1,1,1,0,A,3,A-Good,
1784,male,93.2,91,80,0,1,1,1,0,A,4,A-Good,
1785,female,98.2,96,98,0,1,1,1,0,A,4,A-Good,
1786,male,96.8,99,99,0,0,1,1,1,B,5,B-Good,
1787,female,96.8,99,92,1,1,1,0,0,C,4,C-Good,
1788,female,84.2,82,71,0,1,0,1,0,F,2,F-Poor,
1789,female,96.8,99,93,0,1,0,1,0,F,5,F-Good,
1790,female,92.2,90,90,1,1,1,0,0,G,3,G-Good,
1791,female,96.8,99,97,1,1,1,0,0,G,4,G-Good,
1792,male,92.1,90,89,0,1,1,1,0,A,3,A-Good,
1793,male,92.1,90,89,0,1,1,1,0,A,4,A-Good,
1794,male,97.1,95,97,0,1,1,1,0,A,0,A-Poor,
1795,female,86.1,84,92,0,0,1,1,1,B,4,B-Good,
1796,male,87.1,85,74,1,1,1,0,0,C,2,C-Poor,
1797,female,87.1,85,80,1,1,1,0,0,C,3,C-Good,
1798,male,89.9,92,80,1,1,1,0,0,C,3,C-Good,
1799,male,91.9,94,84,1,1,1,0,0,C,3,C-Good,
1800,male,92.1,90,86,1,1,1,0,0,C,3,C-Good,
1801,male,93.9,96,86,1,1,1,0,0,C,3,C-Good,
1802,female,97.1,95,95,1,1,1,0,0,C,3,C-Good,
1803,male,88.1,86,70,0,0,1,0,1,E,3,E-Good,
1804,male,90.1,88,74,0,1,0,1,0,F,3,F-Good,
1805,male,96.9,99,99,0,1,0,1,0,F,5,F-Good,
1806,male,85,83,70,1,1,1,0,0,C,2,C-Poor,
1807,male,92,94,81,1,1,1,0,0,C,3,C-Good,
1808,male,93,91,88,1,1,1,0,0,C,3,C-Good,
1809,male,97,99,99,0,1,0,0,0,D,4,D-Good,
1810,male,82,80,67,0,0,1,0,1,E,3,E-Good,
1811,male,85,83,73,0,0,1,0,1,E,2,E-Poor,
1812,male,85,83,65,0,1,0,1,0,F,2,F-Poor,
1813,male,92.1,94,89,0,1,1,1,0,A,3,A-Good,
1814,male,97.1,99,99,0,1,1,1,0,A,5,A-Good,
1815,female,87.9,86,95,1,1,1,0,0,C,3,C-Good,
1816,male,91.9,90,97,1,1,1,0,0,C,3,C-Good,
1817,female,95.1,97,87,1,1,1,0,0,C,3,C-Good,
1818,male,90.1,92,92,0,1,0,0,0,D,3,D-Good,
1819,male,86.9,85,92,0,0,1,0,1,E,3,E-Good,
1820,male,88.1,90,80,0,1,0,1,0,F,3,F-Good,
1821,male,95.9,94,95,0,1,0,1,0,F,3,F-Good,
1822,male,88.2,90,82,0,1,1,1,0,A,4,A-Good,
1823,male,94.8,93,92,0,1,1,1,0,A,4,A-Good,
1824,male,97.2,99,90,0,1,1,1,0,A,4,A-Good,
1825,male,97.2,99,93,0,1,1,1,0,A,4,A-Good,
1826,male,97.2,99,99,0,1,1,1,0,A,5,A-Good,
1827,male,86.8,85,75,0,0,1,1,1,B,3,B-Good,
1828,male,97.2,99,99,0,0,1,1,1,B,4,B-Good,
1829,male,97.2,99,95,1,1,1,0,0,C,3,C-Good,
1830,male,94.8,93,96,0,1,0,0,0,D,4,D-Good,
1831,male,80.2,82,70,0,0,1,0,1,E,3,E-Good,
1832,male,83.2,85,87,0,0,1,0,1,E,3,E-Good,
1833,male,81.2,83,84,1,1,1,0,0,G,3,G-Good,
1834,male,91.7,90,81,0,1,1,1,0,A,4,A-Good,
1835,male,95.7,94,99,0,1,1,1,0,A,5,A-Good,
1836,male,91.7,90,83,1,1,1,0,0,C,3,C-Good,
1837,male,93.3,95,95,1,1,1,0,0,C,4,C-Good,
1838,female,97.7,96,90,1,1,1,0,0,C,4,C-Good,
1839,male,82.7,81,90,0,1,0,0,0,D,3,D-Good,
1840,male,85.7,84,84,0,1,0,0,0,D,2,D-Poor,
1841,male,85.4,87,70,0,1,1,1,0,A,3,A-Good,
1842,male,96.4,98,92,0,1,1,1,0,A,3,A-Good,
1843,male,97.4,99,99,0,1,1,1,0,A,5,A-Good,
1844,male,97.4,99,97,0,1,1,1,0,A,5,A-Good,
1845,male,86.4,88,87,0,0,1,1,1,B,3,B-Good,
1846,male,90.4,92,84,0,0,1,1,1,B,3,B-Good,
1847,female,84.6,83,74,1,1,1,0,0,C,2,C-Poor,
1848,male,91.6,90,81,1,1,1,0,0,C,3,C-Good,
1849,male,91.6,90,82,1,1,1,0,0,C,3,C-Good,
1850,male,91.6,90,78,1,1,1,0,0,C,4,C-Good,
1851,female,92.4,94,83,1,1,1,0,0,C,3,C-Good,
1852,male,94.4,96,84,1,1,1,0,0,C,3,C-Good,
1853,male,94.6,93,86,1,1,1,0,0,C,4,C-Good,
1854,male,95.4,97,99,1,1,1,0,0,C,3,C-Good,
1855,male,95.6,94,85,1,1,1,0,0,C,4,C-Good,
1856,male,97.4,99,97,1,1,1,0,0,C,4,C-Good,
1857,male,78.4,80,64,0,1,0,0,0,D,2,D-Poor,
1858,female,96.4,98,85,1,1,1,0,0,G,4,G-Good,
1859,male,93.5,95,91,0,1,1,1,0,A,3,A-Good,
1860,male,97.5,99,95,0,0,1,1,1,B,4,B-Good,
1861,male,95.5,97,97,1,1,1,0,0,C,5,C-Good,
1862,male,97.5,99,99,1,1,1,0,0,C,5,C-Good,
1863,female,90.5,92,84,0,1,0,1,0,F,3,F-Good,
1864,female,80.5,82,76,1,1,1,0,0,G,3,G-Good,
1865,male,90.5,92,88,1,1,1,0,0,G,3,G-Good,
1866,female,93.5,92,76,1,1,1,0,0,G,3,G-Good,
1867,male,88.6,90,85,0,1,1,1,0,A,3,A-Good,
1868,male,96.6,98,90,0,1,1,1,0,A,4,A-Good,
1869,male,97.6,99,91,0,1,1,1,0,A,4,A-Good,
1870,female,97.6,99,92,0,1,1,1,0,A,4,A-Good,
1871,male,97.6,99,96,0,1,1,1,0,A,5,A-Good,
1872,male,97.6,99,92,0,1,1,1,0,A,5,A-Good,
1873,female,98.4,97,91,0,1,1,1,0,A,4,A-Good,
1874,male,82.4,81,65,0,0,1,1,1,B,3,B-Good,
1875,male,92.4,91,86,0,0,1,1,1,B,3,B-Good,
1876,female,91.6,93,81,1,1,1,0,0,C,3,C-Good,
1877,female,92.4,91,76,1,1,1,0,0,C,2,C-Poor,
1878,male,93.4,92,91,1,1,1,0,0,C,3,C-Good,
1879,male,95.6,97,99,1,1,1,0,0,C,3,C-Good,
1880,male,95.6,97,88,1,1,1,0,0,C,3,C-Good,
1881,male,97.6,99,99,1,1,1,0,0,C,5,C-Good,
1882,male,82.4,81,77,0,0,1,0,1,E,3,E-Good,
1883,male,84.4,83,65,0,1,0,1,0,F,3,F-Good,
1884,male,85.4,84,77,0,1,0,1,0,F,3,F-Good,
1885,male,88.6,90,76,0,1,0,1,0,F,2,F-Poor,
1886,male,88.6,90,80,0,1,0,1,0,F,3,F-Good,
1887,female,97.6,99,99,1,1,1,0,0,G,3,G-Good,
1888,male,91.3,90,86,0,1,1,1,0,A,4,A-Good,
1889,male,96.3,95,92,0,1,1,1,0,A,4,A-Good,
1890,male,97.7,99,87,0,1,1,1,0,A,3,A-Good,
1891,male,93.7,95,82,1,1,1,0,0,C,4,C-Good,
1892,male,97.3,96,99,1,1,1,0,0,C,4,C-Good,
1893,male,83.3,82,80,0,1,0,0,0,D,3,D-Good,
1894,female,91.7,93,74,0,0,1,0,1,E,3,E-Good,
1895,male,92.3,91,90,0,0,1,0,1,E,3,E-Good,
1896,male,97.7,99,99,0,0,1,0,1,E,5,E-Good,
1897,male,93.3,92,84,0,1,0,1,0,F,4,F-Good,
1898,male,99.3,98,96,0,1,0,1,0,F,5,F-Good,
1899,female,83.2,82,93,0,1,1,1,0,A,3,A-Good,
1900,male,90.8,92,71,0,1,1,1,0,A,3,A-Good,
1901,female,99.2,98,99,0,1,1,1,0,A,5,A-Good,
1902,female,95.8,97,92,0,0,1,1,1,B,4,B-Good,
1903,male,95.8,97,95,1,1,1,0,0,C,4,C-Good,
1904,male,68.8,70,82,0,1,0,0,0,D,2,D-Poor,
1905,male,88.8,90,93,0,1,0,1,0,F,4,F-Good,
1906,male,96.8,98,90,0,1,0,1,0,F,3,F-Good,
1907,male,88.8,90,74,1,1,1,0,0,G,3,G-Good,
1908,male,91.1,90,80,0,1,1,1,0,A,4,A-Good,
1909,female,96.1,95,94,0,1,1,1,0,A,4,A-Good,
1910,female,99.1,98,98,0,1,1,1,0,A,4,A-Good,
1911,female,99.1,98,97,0,1,1,1,0,A,4,A-Good,
1912,male,91.9,93,89,0,0,1,1,1,B,3,B-Good,
1913,female,96.9,98,99,0,0,1,1,1,B,5,B-Good,
1914,female,91.1,90,81,1,1,1,0,0,C,3,C-Good,
1915,female,92.9,94,74,1,1,1,0,0,C,3,C-Good,
1916,male,94.1,93,93,1,1,1,0,0,C,3,C-Good,
1917,male,92.9,94,94,0,1,0,0,0,D,4,D-Good,
1918,female,95.1,94,90,0,1,0,0,0,D,4,D-Good,
1919,female,96.1,95,87,0,1,0,0,0,D,4,D-Good,
1920,female,96.1,95,86,1,1,1,0,0,G,3,G-Good,
1921,male,89,90,83,0,1,1,1,0,A,3,A-Good,
1922,male,94,95,86,0,1,1,1,0,A,3,A-Good,
1923,male,94,93,90,0,1,1,1,0,A,3,A-Good,
1924,male,94,93,88,0,1,1,1,0,A,4,A-Good,
1925,female,96,95,95,0,1,1,1,0,A,4,A-Good,
1926,female,99,98,93,0,1,1,1,0,A,4,A-Good,
1927,male,91,92,84,1,1,1,0,0,C,3,C-Good,
1928,male,76,75,60,0,1,0,0,0,D,3,D-Good,
1929,male,81,80,82,0,1,0,0,0,D,3,D-Good,
1930,female,86,85,70,0,0,1,0,1,E,3,E-Good,
1931,female,94,93,90,0,1,0,1,0,F,4,F-Good,
1932,male,97,96,87,1,1,1,0,0,G,4,G-Good,
1933,male,95.1,96,93,0,1,1,1,0,A,4,A-Good,
1934,male,95.1,96,92,0,1,1,1,0,A,4,A-Good,
1935,male,96.1,97,99,0,1,1,1,0,A,5,A-Good,
1936,male,98.1,99,96,0,1,1,1,0,A,3,A-Good,
1937,female,98.1,99,97,0,1,1,1,0,A,4,A-Good,
1938,female,98.9,98,96,0,1,1,1,0,A,4,A-Good,
1939,male,98.1,99,93,0,0,1,1,1,B,4,B-Good,
1940,male,96.1,97,86,1,1,1,0,0,C,3,C-Good,
1941,male,98.1,99,93,1,1,1,0,0,C,3,C-Good,
1942,male,75.9,75,67,0,1,0,0,0,D,3,D-Good,
1943,male,79.1,80,76,0,1,0,0,0,D,3,D-Good,
1944,female,81.9,81,76,0,1,0,0,0,D,3,D-Good,
1945,male,85.1,86,83,0,1,0,0,0,D,3,D-Good,
1946,male,98.1,99,99,0,1,0,0,0,D,4,D-Good,
1947,male,94.9,94,82,0,0,1,0,1,E,4,E-Good,
1948,male,95.9,95,92,0,0,1,0,1,E,3,E-Good,
1949,male,96.9,96,91,0,1,0,1,0,F,4,F-Good,
1950,male,98.1,99,99,0,1,0,1,0,F,5,F-Good,
1951,female,94.2,95,85,0,1,1,1,0,A,3,A-Good,
1952,female,98.2,99,99,0,1,1,1,0,A,5,A-Good,
1953,male,98.8,98,94,0,1,1,1,0,A,4,A-Good,
1954,female,90.8,90,72,1,1,1,0,0,C,3,C-Good,
1955,female,90.8,90,80,1,1,1,0,0,C,3,C-Good,
1956,male,91.8,91,99,1,1,1,0,0,C,3,C-Good,
1957,male,80.8,80,66,0,1,0,0,0,D,3,D-Good,
1958,male,86.8,86,70,0,1,0,0,0,D,2,D-Poor,
1959,female,98.2,99,91,0,0,1,0,1,E,5,E-Good,
1960,male,97.7,97,93,0,1,1,1,0,A,4,A-Good,
1961,male,98.3,99,99,0,1,1,1,0,A,5,A-Good,
1962,female,98.7,98,87,0,0,1,1,1,B,5,B-Good,
1963,male,90.7,90,71,1,1,1,0,0,C,3,C-Good,
1964,male,94.3,95,80,1,1,1,0,0,C,3,C-Good,
1965,male,95.7,95,87,1,1,1,0,0,C,4,C-Good,
1966,male,97.3,98,90,1,1,1,0,0,C,4,C-Good,
1967,female,85.3,86,66,0,1,0,0,0,D,3,D-Good,
1968,male,98.3,99,99,0,1,0,1,0,F,4,F-Good,
1969,male,93.6,93,96,0,1,1,1,0,A,4,A-Good,
1970,male,97.6,97,96,0,1,1,1,0,A,5,A-Good,
1971,female,98.4,99,99,0,1,1,1,0,A,5,A-Good,
1972,male,95.4,96,86,1,1,1,0,0,C,3,C-Good,
1973,male,98.4,99,99,1,1,1,0,0,C,4,C-Good,
1974,male,90.4,91,83,0,0,1,0,1,E,3,E-Good,
1975,male,91.6,91,80,0,0,1,0,1,E,4,E-Good,
1976,male,94.4,95,88,0,1,0,1,0,F,4,F-Good,
1977,female,98.4,99,99,0,1,0,1,0,F,5,F-Good,
1978,female,94.6,94,90,1,1,1,0,0,G,4,G-Good,
1979,male,94.5,95,86,0,1,1,1,0,A,4,A-Good,
1980,female,92.5,92,83,1,1,1,0,0,C,3,C-Good,
1981,female,96.5,96,97,1,1,1,0,0,C,4,C-Good,
1982,female,98.5,99,93,1,1,1,0,0,C,4,C-Good,
1983,female,84.5,84,72,0,1,0,0,0,D,3,D-Good,
1984,male,90.5,91,82,0,1,0,0,0,D,4,D-Good,
1985,male,96.5,97,85,0,1,0,1,0,F,4,F-Good,
1986,female,90.4,90,88,0,1,1,1,0,A,3,A-Good,
1987,female,94.6,95,84,0,1,1,1,0,A,4,A-Good,
1988,male,98.6,99,90,0,1,1,1,0,A,5,A-Good,
1989,male,99.4,99,99,0,1,1,1,0,A,5,A-Good,
1990,male,99.4,99,96,0,0,1,1,1,B,4,B-Good,
1991,male,94.4,94,85,1,1,1,0,0,C,3,C-Good,
1992,male,96.4,96,99,1,1,1,0,0,C,4,C-Good,
1993,male,97.6,98,99,1,1,1,0,0,C,4,C-Good,
1994,male,99.4,99,99,1,1,1,0,0,C,5,C-Good,
1995,male,91.6,92,91,0,1,0,0,0,D,3,D-Good,
1996,male,81.6,82,71,0,1,0,1,0,F,2,F-Poor,
1997,male,85.4,85,81,0,1,0,1,0,F,2,F-Poor,
1998,male,90.4,90,80,0,1,0,1,0,F,3,F-Good,
1999,female,95.4,95,98,1,1,1,0,0,G,3,G-Good,
2000,male,98.6,99,99,1,1,1,0,0,G,4,G-Good,
2001,male,95.3,95,90,0,1,1,1,0,A,3,A-Good,
2002,male,99.3,99,97,0,1,1,1,0,A,4,A-Good,
2003,male,99.3,99,98,0,1,1,1,0,A,5,A-Good,
2004,male,90.7,91,82,0,0,1,1,1,B,3,B-Good,
2005,male,95.7,96,88,1,1,1,0,0,C,3,C-Good,
2006,male,95.7,96,97,1,1,1,0,0,C,4,C-Good,
2007,female,97.7,98,96,1,1,1,0,0,C,5,C-Good,
2008,male,98.7,99,93,1,1,1,0,0,C,4,C-Good,
2009,female,98.7,99,99,1,1,1,0,0,C,5,C-Good,
2010,male,81.3,81,73,0,1,0,0,0,D,3,D-Good,
2011,female,96.7,97,93,0,1,0,0,0,D,4,D-Good,
2012,male,90.7,91,90,0,1,0,1,0,F,3,F-Good,
2013,male,91.7,92,85,0,1,0,1,0,F,4,F-Good,
2014,male,91.7,92,94,0,1,0,1,0,F,4,F-Good,
2015,male,94.7,95,95,0,1,0,1,0,F,4,F-Good,
2016,male,96.3,96,90,0,1,0,1,0,F,3,F-Good,
2017,female,95.3,95,81,1,1,1,0,0,G,3,G-Good,
2018,male,89.8,90,79,0,1,1,1,0,A,3,A-Good,
2019,male,89.8,90,76,0,1,1,1,0,A,3,A-Good,
2020,female,98.8,99,99,0,1,1,1,0,A,5,A-Good,
2021,female,99.2,99,99,0,1,1,1,0,A,5,A-Good,
2022,male,87.2,87,87,1,1,1,0,0,C,3,C-Good,
2023,male,93.2,93,96,1,1,1,0,0,C,4,C-Good,
2024,male,93.8,94,86,1,1,1,0,0,C,4,C-Good,
2025,male,94.8,95,82,1,1,1,0,0,C,3,C-Good,
2026,female,95.2,95,91,1,1,1,0,0,C,4,C-Good,
2027,male,76.2,76,67,0,1,0,0,0,D,3,D-Good,
2028,female,90.2,90,85,0,0,1,0,1,E,2,E-Poor,
2029,male,94.8,95,84,1,1,1,0,0,G,3,G-Good,
2030,male,96.8,97,84,1,1,1,0,0,G,3,G-Good,
2031,female,98.9,99,92,0,1,1,1,0,A,4,A-Good,
2032,male,98.9,99,99,0,1,1,1,0,A,5,A-Good,
2033,female,98.9,99,99,0,1,1,1,0,A,5,A-Good,
2034,female,99.1,99,99,0,1,1,1,0,A,5,A-Good,
2035,male,99.1,99,99,0,1,1,1,0,A,5,A-Good,
2036,male,91.1,91,91,0,0,1,1,1,B,4,B-Good,
2037,male,98.1,98,93,0,0,1,1,1,B,5,B-Good,
2038,male,89.9,90,76,1,1,1,0,0,C,3,C-Good,
2039,female,93.9,94,76,1,1,1,0,0,C,3,C-Good,
2040,female,96.1,96,90,1,1,1,0,0,C,3,C-Good,
2041,female,98.9,99,98,1,1,1,0,0,C,4,C-Good,
2042,male,98.9,99,98,1,1,1,0,0,C,4,C-Good,
2043,male,77.1,77,62,0,1,0,0,0,D,3,D-Good,
2044,male,89.9,90,80,0,1,0,0,0,D,3,D-Good,
2045,male,89.9,90,91,0,1,0,0,0,D,4,D-Good,
2046,male,92.9,93,90,0,1,0,0,0,D,3,D-Good,
2047,male,98.1,98,97,0,0,1,0,1,E,4,E-Good,
2048,male,82.1,82,82,0,1,0,1,0,F,2,F-Poor,
2049,male,85.9,86,83,0,1,0,1,0,F,3,F-Good,
2050,female,97.1,97,97,0,1,0,1,0,F,4,F-Good,
2051,female,91.9,92,76,1,1,1,0,0,G,3,G-Good,
2052,female,98.9,99,96,1,1,1,0,0,G,4,G-Good,
2053,female,99.1,99,95,1,1,1,0,0,G,4,G-Good,
2054,female,97,97,91,0,1,1,1,0,A,4,A-Good,
2055,male,95,95,96,1,1,1,0,0,C,4,C-Good,
2056,male,99,99,99,1,1,1,0,0,C,4,C-Good,
2057,male,94,94,90,0,0,1,0,1,E,4,E-Good,
2058,male,98,98,97,0,0,1,0,1,E,4,E-Good,
2059,female,95,95,94,1,1,1,0,0,G,4,G-Good,
2060,male,97,97,96,1,1,1,0,0,G,4,G-Good,
